Date,Close,High,Low,Open,Volume
2022-01-01,17874.0,17894.150390625,17651.44921875,17654.44921875,5756800.0
2022-01-02,17874.0,17894.150390625,17651.44921875,17654.44921875,5756800.0
2022-01-03,17874.0,17894.150390625,17651.44921875,17654.44921875,5756800.0
2022-01-04,18030.94921875,18051.5,17831.5,17934.5,6744900.0
2022-01-05,18147.5,18164.69921875,17974.900390625,18044.30078125,7898200.0
2022-01-06,17985.599609375,18025.25,17889.75,17997.599609375,5508600.0
2022-01-07,18053.94921875,18140.849609375,17944.400390625,18035.69921875,5914700.0
2022-01-08,18053.94921875,18140.849609375,17944.400390625,18035.69921875,5914700.0
2022-01-09,18053.94921875,18140.849609375,17944.400390625,18035.69921875,5914700.0
2022-01-10,18229.099609375,18243.25,18109.75,18146.19921875,5439200.0
2022-01-11,18275.150390625,18295.0,18181.400390625,18225.69921875,5699300.0
2022-01-12,18430.25,18443.80078125,18346.94921875,18390.849609375,4923200.0
2022-01-13,18482.44921875,18495.650390625,18385.0,18478.55078125,6431400.0
2022-01-14,18485.69921875,18515.099609375,18348.400390625,18411.19921875,4547700.0
2022-01-15,18485.69921875,18515.099609375,18348.400390625,18411.19921875,4547700.0
2022-01-16,18485.69921875,18515.099609375,18348.400390625,18411.19921875,4547700.0
2022-01-17,18543.19921875,18553.400390625,18456.55078125,18471.599609375,4807400.0
2022-01-18,18331.69921875,18595.150390625,18302.94921875,18577.69921875,5428000.0
2022-01-19,18179.69921875,18349.55078125,18114.849609375,18349.55078125,6232600.0
2022-01-20,18021.099609375,18187.599609375,17915.75,18168.25,5146400.0
2022-01-21,17856.150390625,17953.599609375,17721.30078125,17882.349609375,5843100.0
2022-01-22,17856.150390625,17953.599609375,17721.30078125,17882.349609375,5843100.0
2022-01-23,17856.150390625,17953.599609375,17721.30078125,17882.349609375,5843100.0
2022-01-24,17353.44921875,17841.400390625,17197.0,17821.55078125,8240800.0
2022-01-25,17489.150390625,17519.599609375,17030.44921875,17200.400390625,6971900.0
2022-01-26,17489.150390625,17519.599609375,17030.44921875,17200.400390625,6971900.0
2022-01-27,17302.349609375,17376.849609375,17069.75,17281.69921875,8709300.0
2022-01-28,17314.69921875,17587.599609375,17289.19921875,17405.55078125,7530700.0
2022-01-29,17314.69921875,17587.599609375,17289.19921875,17405.55078125,7530700.0
2022-01-30,17314.69921875,17587.599609375,17289.19921875,17405.55078125,7530700.0
2022-01-31,17547.400390625,17623.25,17479.650390625,17516.900390625,6439300.0
2022-02-01,17796.25,17826.150390625,17464.25,17731.55078125,8511600.0
2022-02-02,17998.75,18012.25,17889.150390625,17920.05078125,6543400.0
2022-02-03,17794.69921875,17996.30078125,17749.400390625,17985.099609375,5829000.0
2022-02-04,17755.30078125,17858.19921875,17701.19921875,17826.25,6255600.0
2022-02-05,17755.30078125,17858.19921875,17701.19921875,17826.25,6255600.0
2022-02-06,17755.30078125,17858.19921875,17701.19921875,17826.25,6255600.0
2022-02-07,17477.650390625,17791.69921875,17382.80078125,17710.05078125,7923900.0
2022-02-08,17509.80078125,17572.69921875,17298.349609375,17543.19921875,7613800.0
2022-02-09,17707.849609375,17720.900390625,17583.0,17612.55078125,5462500.0
2022-02-10,17842.900390625,17869.099609375,17665.69921875,17794.0,6230700.0
2022-02-11,17606.599609375,17696.94921875,17541.650390625,17694.400390625,5524800.0
2022-02-12,17606.599609375,17696.94921875,17541.650390625,17694.400390625,5524800.0
2022-02-13,17606.599609375,17696.94921875,17541.650390625,17694.400390625,5524800.0
2022-02-14,17060.69921875,17318.44921875,17026.400390625,17293.099609375,6750200.0
2022-02-15,17560.55078125,17582.900390625,17037.599609375,17147.900390625,6533900.0
2022-02-16,17530.650390625,17706.099609375,17481.650390625,17626.25,5251900.0
2022-02-17,17524.44921875,17657.099609375,17457.19921875,17608.44921875,4815000.0
2022-02-18,17472.900390625,17586.349609375,17439.05078125,17456.69921875,4285100.0
2022-02-19,17472.900390625,17586.349609375,17439.05078125,17456.69921875,4285100.0
2022-02-20,17472.900390625,17586.349609375,17439.05078125,17456.69921875,4285100.0
2022-02-21,17379.099609375,17532.400390625,17251.849609375,17389.55078125,4492200.0
2022-02-22,17276.5,17321.150390625,17009.30078125,17012.75,6474800.0
2022-02-23,17273.44921875,17413.30078125,17240.0,17378.94921875,4950700.0
2022-02-24,16428.05078125,16897.849609375,16384.44921875,16742.80078125,12170800.0
2022-02-25,16872.349609375,16955.5,16676.599609375,16703.0,8562700.0
2022-02-26,16872.349609375,16955.5,16676.599609375,16703.0,8562700.0
2022-02-27,16872.349609375,16955.5,16676.599609375,16703.0,8562700.0
2022-02-28,17016.55078125,17035.150390625,16568.44921875,16701.69921875,8949600.0
2022-03-01,17016.55078125,17035.150390625,16568.44921875,16701.69921875,8949600.0
2022-03-02,16855.69921875,16930.19921875,16732.05078125,16826.25,9903900.0
2022-03-03,16761.599609375,17032.94921875,16708.099609375,16991.0,8917200.0
2022-03-04,16482.849609375,16700.55078125,16384.25,16610.75,8763400.0
2022-03-05,16482.849609375,16700.55078125,16384.25,16610.75,8763400.0
2022-03-06,16482.849609375,16700.55078125,16384.25,16610.75,8763400.0
2022-03-07,16086.9501953125,16180.599609375,15938.75,16116.099609375,10113600.0
2022-03-08,16251.650390625,16267.0498046875,15901.099609375,15991.4501953125,9700600.0
2022-03-09,16571.55078125,16648.099609375,16245.75,16328.400390625,8629300.0
2022-03-10,16835.5,16979.849609375,16689.80078125,16979.849609375,9478900.0
2022-03-11,16877.69921875,16928.25,16717.0,16773.599609375,6488100.0
2022-03-12,16877.69921875,16928.25,16717.0,16773.599609375,6488100.0
2022-03-13,16877.69921875,16928.25,16717.0,16773.599609375,6488100.0
2022-03-14,17076.599609375,17092.150390625,16833.099609375,16882.5,6468700.0
2022-03-15,16873.44921875,17136.900390625,16764.25,17107.75,7576000.0
2022-03-16,17198.0,17209.5,17052.599609375,17086.0,5368700.0
2022-03-17,17505.400390625,17553.69921875,17394.25,17422.349609375,15345200.0
2022-03-18,17505.400390625,17553.69921875,17394.25,17422.349609375,15345200.0
2022-03-19,17505.400390625,17553.69921875,17394.25,17422.349609375,15345200.0
2022-03-20,17505.400390625,17553.69921875,17394.25,17422.349609375,15345200.0
2022-03-21,17323.650390625,17576.5,17306.599609375,17550.5,6428900.0
2022-03-22,17499.19921875,17518.25,17195.599609375,17329.55078125,6615900.0
2022-03-23,17446.05078125,17625.900390625,17399.80078125,17593.400390625,6650500.0
2022-03-24,17429.94921875,17494.150390625,17301.80078125,17305.849609375,5471300.0
2022-03-25,17370.5,17506.94921875,17287.849609375,17500.849609375,5019200.0
2022-03-26,17370.5,17506.94921875,17287.849609375,17500.849609375,5019200.0
2022-03-27,17370.5,17506.94921875,17287.849609375,17500.849609375,5019200.0
2022-03-28,17422.150390625,17434.80078125,17213.80078125,17404.80078125,5927300.0
2022-03-29,17523.599609375,17541.25,17438.400390625,17500.44921875,5555400.0
2022-03-30,17684.30078125,17718.05078125,17589.150390625,17665.599609375,10715800.0
2022-03-31,17660.349609375,17752.55078125,17627.349609375,17710.75,5454000.0
2022-04-01,17879.5,17912.69921875,17631.099609375,17643.900390625,5429300.0
2022-04-02,17879.5,17912.69921875,17631.099609375,17643.900390625,5429300.0
2022-04-03,17879.5,17912.69921875,17631.099609375,17643.900390625,5429300.0
2022-04-04,18256.099609375,18281.94921875,17994.900390625,18010.30078125,6254600.0
2022-04-05,18195.099609375,18327.75,18159.849609375,18294.25,5742000.0
2022-04-06,18075.099609375,18154.05078125,18042.849609375,18089.30078125,6337200.0
2022-04-07,17920.80078125,18092.30078125,17906.099609375,18006.650390625,5987800.0
2022-04-08,18089.30078125,18144.349609375,17906.55078125,17993.650390625,5269700.0
2022-04-09,18089.30078125,18144.349609375,17906.55078125,17993.650390625,5269700.0
2022-04-10,18089.30078125,18144.349609375,17906.55078125,17993.650390625,5269700.0
2022-04-11,18032.400390625,18114.55078125,17992.94921875,18062.44921875,4857900.0
2022-04-12,17877.55078125,17970.94921875,17786.94921875,17965.30078125,5264800.0
2022-04-13,17835.19921875,18017.30078125,17816.19921875,17956.19921875,4529400.0
2022-04-14,17835.19921875,18017.30078125,17816.19921875,17956.19921875,4529400.0
2022-04-15,17835.19921875,18017.30078125,17816.19921875,17956.19921875,4529400.0
2022-04-16,17835.19921875,18017.30078125,17816.19921875,17956.19921875,4529400.0
2022-04-17,17835.19921875,18017.30078125,17816.19921875,17956.19921875,4529400.0
2022-04-18,17565.94921875,17615.05078125,17440.599609375,17566.0,5929800.0
2022-04-19,17330.400390625,17687.44921875,17199.5,17662.55078125,6494100.0
2022-04-20,17496.650390625,17553.94921875,17353.900390625,17425.19921875,4894800.0
2022-04-21,17750.19921875,17766.900390625,17578.0,17602.599609375,4851400.0
2022-04-22,17541.099609375,17678.25,17518.849609375,17610.30078125,4338000.0
2022-04-23,17541.099609375,17678.25,17518.849609375,17610.30078125,4338000.0
2022-04-24,17541.099609375,17678.25,17518.849609375,17610.30078125,4338000.0
2022-04-25,17300.349609375,17403.900390625,17236.44921875,17373.150390625,5267700.0
2022-04-26,17577.80078125,17600.44921875,17429.849609375,17472.099609375,4551700.0
2022-04-27,17398.55078125,17484.150390625,17321.099609375,17453.55078125,4603900.0
2022-04-28,17615.400390625,17687.5,17429.19921875,17557.599609375,4918200.0
2022-04-29,17457.19921875,17741.400390625,17404.900390625,17703.099609375,5352200.0
2022-04-30,17457.19921875,17741.400390625,17404.900390625,17703.099609375,5352200.0
2022-05-01,17457.19921875,17741.400390625,17404.900390625,17703.099609375,5352200.0
2022-05-02,17419.44921875,17439.900390625,17269.849609375,17286.650390625,4271300.0
2022-05-03,17419.44921875,17439.900390625,17269.849609375,17286.650390625,4271300.0
2022-05-04,17004.05078125,17483.80078125,16944.55078125,17451.150390625,5465400.0
2022-05-05,17016.599609375,17270.599609375,16978.650390625,17186.349609375,4726200.0
2022-05-06,16729.55078125,16807.099609375,16654.25,16740.099609375,5738600.0
2022-05-07,16729.55078125,16807.099609375,16654.25,16740.099609375,5738600.0
2022-05-08,16729.55078125,16807.099609375,16654.25,16740.099609375,5738600.0
2022-05-09,16581.80078125,16694.599609375,16441.400390625,16549.25,4978800.0
2022-05-10,16466.25,16653.849609375,16426.900390625,16533.400390625,5100700.0
2022-05-11,16399.69921875,16576.400390625,16204.25,16502.44921875,5929000.0
2022-05-12,16023.900390625,16281.0498046875,15946.150390625,16263.2001953125,7339300.0
2022-05-13,15986.5,16315.0,15941.099609375,16200.599609375,7101800.0
2022-05-14,15986.5,16315.0,15941.099609375,16200.599609375,7101800.0
2022-05-15,15986.5,16315.0,15941.099609375,16200.599609375,7101800.0
2022-05-16,16079.0,16199.25,15946.7998046875,16062.650390625,5054100.0
2022-05-17,16498.5,16522.650390625,16152.5,16166.0,5422800.0
2022-05-18,16485.80078125,16655.44921875,16461.599609375,16566.69921875,5853700.0
2022-05-19,16047.349609375,16213.099609375,16015.2998046875,16146.7001953125,5455700.0
2022-05-20,16476.69921875,16491.099609375,16253.5498046875,16290.2001953125,4642600.0
2022-05-21,16476.69921875,16491.099609375,16253.5498046875,16290.2001953125,4642600.0
2022-05-22,16476.69921875,16491.099609375,16253.5498046875,16290.2001953125,4642600.0
2022-05-23,16409.75,16612.150390625,16382.099609375,16504.599609375,6340100.0
2022-05-24,16312.2998046875,16460.0,16262.349609375,16428.599609375,6776800.0
2022-05-25,16187.150390625,16409.30078125,16167.5,16384.30078125,5676200.0
2022-05-26,16341.900390625,16382.849609375,16046.5498046875,16267.599609375,6279300.0
2022-05-27,16516.80078125,16534.55078125,16388.69921875,16473.30078125,4911300.0
2022-05-28,16516.80078125,16534.55078125,16388.69921875,16473.30078125,4911300.0
2022-05-29,16516.80078125,16534.55078125,16388.69921875,16473.30078125,4911300.0
2022-05-30,16838.150390625,16860.400390625,16672.599609375,16692.19921875,5710200.0
2022-05-31,16767.5,16883.599609375,16702.44921875,16761.55078125,11446200.0
2022-06-01,16688.94921875,16831.19921875,16601.849609375,16772.05078125,5424900.0
2022-06-02,16794.75,16810.55078125,16613.650390625,16650.25,4770800.0
2022-06-03,16721.5,16953.650390625,16705.75,16928.44921875,4274600.0
2022-06-04,16721.5,16953.650390625,16705.75,16928.44921875,4274600.0
2022-06-05,16721.5,16953.650390625,16705.75,16928.44921875,4274600.0
2022-06-06,16701.19921875,16741.19921875,16565.5,16671.30078125,4143700.0
2022-06-07,16550.69921875,16619.05078125,16489.150390625,16602.099609375,4191400.0
2022-06-08,16492.19921875,16649.75,16425.80078125,16610.75,4547000.0
2022-06-09,16616.400390625,16631.150390625,16374.4501953125,16402.5,4161400.0
2022-06-10,16353.5,16465.30078125,16322.5498046875,16426.30078125,3753300.0
2022-06-11,16353.5,16465.30078125,16322.5498046875,16426.30078125,3753300.0
2022-06-12,16353.5,16465.30078125,16322.5498046875,16426.30078125,3753300.0
2022-06-13,15936.0498046875,16044.5,15850.849609375,16033.650390625,4205400.0
2022-06-14,15905.599609375,16034.5498046875,15822.599609375,15848.9501953125,4544500.0
2022-06-15,15874.900390625,15966.0,15858.349609375,15918.099609375,3383500.0
2022-06-16,15543.349609375,16046.0498046875,15518.0,16021.849609375,4981600.0
2022-06-17,15445.7998046875,15575.9501953125,15344.5498046875,15452.7998046875,6525700.0
2022-06-18,15445.7998046875,15575.9501953125,15344.5498046875,15452.7998046875,6525700.0
2022-06-19,15445.7998046875,15575.9501953125,15344.5498046875,15452.7998046875,6525700.0
2022-06-20,15481.9501953125,15517.7998046875,15336.0498046875,15489.5,5243300.0
2022-06-21,15793.150390625,15845.4501953125,15558.7001953125,15593.400390625,5215600.0
2022-06-22,15555.2998046875,15718.349609375,15528.5498046875,15702.4501953125,4415100.0
2022-06-23,15704.7998046875,15775.7998046875,15515.7998046875,15594.7998046875,4757900.0
2022-06-24,15858.2998046875,15895.2998046875,15773.650390625,15809.599609375,4274600.0
2022-06-25,15858.2998046875,15895.2998046875,15773.650390625,15809.599609375,4274600.0
2022-06-26,15858.2998046875,15895.2998046875,15773.650390625,15809.599609375,4274600.0
2022-06-27,15990.2998046875,16086.9501953125,15974.400390625,16082.4501953125,4813400.0
2022-06-28,16008.849609375,16045.0498046875,15857.0,15919.2998046875,5672900.0
2022-06-29,15952.75,16013.7998046875,15845.4501953125,15857.099609375,7095800.0
2022-06-30,15929.400390625,16047.75,15881.0,15933.9501953125,6154400.0
2022-07-01,15925.9501953125,15966.0498046875,15679.2998046875,15861.599609375,6625000.0
2022-07-02,15925.9501953125,15966.0498046875,15679.2998046875,15861.599609375,6625000.0
2022-07-03,15925.9501953125,15966.0498046875,15679.2998046875,15861.599609375,6625000.0
2022-07-04,16018.150390625,16033.900390625,15844.650390625,15894.7001953125,5064700.0
2022-07-05,16001.599609375,16209.2998046875,15973.349609375,16093.5498046875,4608800.0
2022-07-06,16196.25,16217.2001953125,15990.150390625,16009.2998046875,5097800.0
2022-07-07,16339.099609375,16355.75,16251.650390625,16322.150390625,5374100.0
2022-07-08,16424.0,16477.349609375,16353.099609375,16475.849609375,4662900.0
2022-07-09,16424.0,16477.349609375,16353.099609375,16475.849609375,4662900.0
2022-07-10,16424.0,16477.349609375,16353.099609375,16475.849609375,4662900.0
2022-07-11,16465.099609375,16491.099609375,16331.2001953125,16346.75,4749700.0
2022-07-12,16323.5,16421.94921875,16293.7998046875,16380.150390625,4689700.0
2022-07-13,16237.25,16411.55078125,16220.150390625,16396.94921875,4606600.0
2022-07-14,16213.0498046875,16329.5498046875,16115.650390625,16294.75,4489600.0
2022-07-15,16317.2001953125,16334.650390625,16204.0498046875,16287.849609375,4382000.0
2022-07-16,16317.2001953125,16334.650390625,16204.0498046875,16287.849609375,4382000.0
2022-07-17,16317.2001953125,16334.650390625,16204.0498046875,16287.849609375,4382000.0
2022-07-18,16548.150390625,16559.19921875,16415.150390625,16423.849609375,4377700.0
2022-07-19,16614.05078125,16634.349609375,16460.94921875,16460.94921875,4603100.0
2022-07-20,16773.69921875,16846.94921875,16744.30078125,16829.05078125,5857000.0
2022-07-21,16881.69921875,16904.400390625,16737.80078125,16777.25,4442000.0
2022-07-22,16970.69921875,17002.900390625,16872.400390625,16940.19921875,3807900.0
2022-07-23,16970.69921875,17002.900390625,16872.400390625,16940.19921875,3807900.0
2022-07-24,16970.69921875,17002.900390625,16872.400390625,16940.19921875,3807900.0
2022-07-25,16892.099609375,16960.30078125,16825.44921875,16924.30078125,6138900.0
2022-07-26,16733.30078125,16899.0,16710.0,16896.400390625,7857700.0
2022-07-27,16889.55078125,16900.94921875,16687.25,16724.0,7368300.0
2022-07-28,17169.69921875,17186.400390625,16985.150390625,17016.099609375,8653400.0
2022-07-29,17400.75,17413.849609375,17266.0,17317.349609375,8552200.0
2022-07-30,17400.75,17413.849609375,17266.0,17317.349609375,8552200.0
2022-07-31,17400.75,17413.849609375,17266.0,17317.349609375,8552200.0
2022-08-01,17598.80078125,17614.19921875,17396.0,17487.650390625,7583100.0
2022-08-02,17618.25,17656.900390625,17489.80078125,17576.05078125,11291400.0
2022-08-03,17646.0,17665.349609375,17487.69921875,17621.25,11015000.0
2022-08-04,17652.94921875,17753.849609375,17420.400390625,17723.5,9976400.0
2022-08-05,17655.5,17747.400390625,17625.349609375,17699.349609375,10797000.0
2022-08-06,17655.5,17747.400390625,17625.349609375,17699.349609375,10797000.0
2022-08-07,17655.5,17747.400390625,17625.349609375,17699.349609375,10797000.0
2022-08-08,17784.80078125,17799.900390625,17621.150390625,17664.19921875,6014000.0
2022-08-09,17784.80078125,17799.900390625,17621.150390625,17664.19921875,6014000.0
2022-08-10,17784.900390625,17829.44921875,17695.80078125,17829.44921875,7221800.0
2022-08-11,17913.94921875,17962.349609375,17883.099609375,17955.900390625,6411900.0
2022-08-12,17956.80078125,17982.900390625,17857.75,17916.650390625,8538000.0
2022-08-13,17956.80078125,17982.900390625,17857.75,17916.650390625,8538000.0
2022-08-14,17956.80078125,17982.900390625,17857.75,17916.650390625,8538000.0
2022-08-15,17956.80078125,17982.900390625,17857.75,17916.650390625,8538000.0
2022-08-16,18107.25,18118.44921875,18028.099609375,18056.25,0.0
2022-08-17,18235.55078125,18258.150390625,18125.849609375,18154.19921875,7709600.0
2022-08-18,18264.400390625,18277.099609375,18156.30078125,18195.650390625,7717700.0
2022-08-19,18071.099609375,18304.69921875,18026.599609375,18281.599609375,8159000.0
2022-08-20,18071.099609375,18304.69921875,18026.599609375,18281.599609375,8159000.0
2022-08-21,18071.099609375,18304.69921875,18026.599609375,18281.599609375,8159000.0
2022-08-22,17792.44921875,18007.099609375,17767.25,18001.30078125,7035400.0
2022-08-23,17878.400390625,17926.94921875,17644.599609375,17654.5,6893300.0
2022-08-24,17917.30078125,17933.099609375,17790.900390625,17832.849609375,5700300.0
2022-08-25,17847.650390625,18044.849609375,17813.80078125,17992.80078125,5921900.0
2022-08-26,17893.80078125,18017.44921875,17855.94921875,17949.099609375,5856800.0
2022-08-27,17893.80078125,18017.44921875,17855.94921875,17949.099609375,5856800.0
2022-08-28,17893.80078125,18017.44921875,17855.94921875,17949.099609375,5856800.0
2022-08-29,17666.44921875,17730.099609375,17486.849609375,17499.75,5228300.0
2022-08-30,18112.400390625,18131.30078125,17766.849609375,17776.75,6883700.0
2022-08-31,18112.400390625,18131.30078125,17766.849609375,17776.75,6883700.0
2022-09-01,17924.30078125,18063.900390625,17850.150390625,17858.44921875,7096900.0
2022-09-02,17916.0,18029.400390625,17871.19921875,17989.5,5657700.0
2022-09-03,17916.0,18029.400390625,17871.19921875,17989.5,5657700.0
2022-09-04,17916.0,18029.400390625,17871.19921875,17989.5,5657700.0
2022-09-05,18021.650390625,18041.650390625,17922.94921875,17928.80078125,4759400.0
2022-09-06,18031.30078125,18125.05078125,17955.25,18061.900390625,6336300.0
2022-09-07,18008.099609375,18036.75,17874.650390625,17906.650390625,6291200.0
2022-09-08,18168.849609375,18178.19921875,18067.849609375,18135.849609375,6403300.0
2022-09-09,18198.099609375,18298.900390625,18148.5,18298.900390625,6253900.0
2022-09-10,18198.099609375,18298.900390625,18148.5,18298.900390625,6253900.0
2022-09-11,18198.099609375,18298.900390625,18148.5,18298.900390625,6253900.0
2022-09-12,18319.80078125,18352.80078125,18255.55078125,18257.849609375,4986700.0
2022-09-13,18453.69921875,18471.05078125,18393.44921875,18429.05078125,6774800.0
2022-09-14,18405.599609375,18486.94921875,18147.599609375,18147.599609375,8179600.0
2022-09-15,18316.900390625,18505.19921875,18282.75,18459.900390625,6727500.0
2022-09-16,17938.099609375,18259.099609375,17898.30078125,18239.150390625,10463300.0
2022-09-17,17938.099609375,18259.099609375,17898.30078125,18239.150390625,10463300.0
2022-09-18,17938.099609375,18259.099609375,17898.30078125,18239.150390625,10463300.0
2022-09-19,18025.25,18080.650390625,17828.75,17958.30078125,6334600.0
2022-09-20,18222.099609375,18329.0,18161.349609375,18180.900390625,5992100.0
2022-09-21,18091.900390625,18255.44921875,18041.150390625,18180.55078125,5441200.0
2022-09-22,18030.400390625,18111.44921875,17914.150390625,17988.5,5713100.0
2022-09-23,17718.44921875,18050.099609375,17686.05078125,18004.94921875,6831400.0
2022-09-24,17718.44921875,18050.099609375,17686.05078125,18004.94921875,6831400.0
2022-09-25,17718.44921875,18050.099609375,17686.05078125,18004.94921875,6831400.0
2022-09-26,17374.80078125,17576.400390625,17329.30078125,17549.0,8318700.0
2022-09-27,17366.400390625,17544.150390625,17290.849609375,17469.900390625,6513500.0
2022-09-28,17219.55078125,17401.400390625,17179.25,17229.0,6215300.0
2022-09-29,17167.75,17403.55078125,17139.25,17361.849609375,7470600.0
2022-09-30,17438.599609375,17518.099609375,17080.650390625,17146.94921875,7249400.0
2022-10-01,17438.599609375,17518.099609375,17080.650390625,17146.94921875,7249400.0
2022-10-02,17438.599609375,17518.099609375,17080.650390625,17146.94921875,7249400.0
2022-10-03,17190.900390625,17469.900390625,17137.30078125,17448.69921875,5310300.0
2022-10-04,17589.30078125,17602.05078125,17444.400390625,17470.75,4709500.0
2022-10-05,17589.30078125,17602.05078125,17444.400390625,17470.75,4709500.0
2022-10-06,17662.80078125,17750.599609375,17647.400390625,17700.849609375,5130000.0
2022-10-07,17641.44921875,17660.150390625,17532.900390625,17624.599609375,5416900.0
2022-10-08,17641.44921875,17660.150390625,17532.900390625,17624.599609375,5416900.0
2022-10-09,17641.44921875,17660.150390625,17532.900390625,17624.599609375,5416900.0
2022-10-10,17553.150390625,17596.150390625,17380.599609375,17419.19921875,4502900.0
2022-10-11,17285.849609375,17585.75,17251.150390625,17582.19921875,4946900.0
2022-10-12,17423.400390625,17440.44921875,17249.900390625,17330.80078125,4519900.0
2022-10-13,17302.150390625,17417.150390625,17247.400390625,17393.0,4463500.0
2022-10-14,17432.55078125,17620.849609375,17418.55078125,17612.849609375,4191100.0
2022-10-15,17432.55078125,17620.849609375,17418.55078125,17612.849609375,4191100.0
2022-10-16,17432.55078125,17620.849609375,17418.55078125,17612.849609375,4191100.0
2022-10-17,17560.5,17580.25,17335.5,17395.19921875,3962800.0
2022-10-18,17741.19921875,17774.0,17681.849609375,17685.150390625,5266900.0
2022-10-19,17756.25,17862.05078125,17721.25,17822.650390625,4057100.0
2022-10-20,17829.44921875,17850.80078125,17665.900390625,17670.599609375,4778400.0
2022-10-21,17808.80078125,17915.25,17751.25,17887.94921875,5003500.0
2022-10-22,17808.80078125,17915.25,17751.25,17887.94921875,5003500.0
2022-10-23,17808.80078125,17915.25,17751.25,17887.94921875,5003500.0
2022-10-24,17951.30078125,18008.5,17926.94921875,17973.75,799600.0
2022-10-25,17887.400390625,18027.30078125,17871.0,18023.900390625,4959400.0
2022-10-26,17887.400390625,18027.30078125,17871.0,18023.900390625,4959400.0
2022-10-27,17989.0,18027.94921875,17899.650390625,18002.05078125,5776500.0
2022-10-28,18017.19921875,18065.05078125,17950.099609375,18011.30078125,4682000.0
2022-10-29,18017.19921875,18065.05078125,17950.099609375,18011.30078125,4682000.0
2022-10-30,18017.19921875,18065.05078125,17950.099609375,18011.30078125,4682000.0
2022-10-31,18243.400390625,18256.650390625,18125.099609375,18133.75,4819400.0
2022-11-01,18383.19921875,18397.55078125,18290.349609375,18354.900390625,5764400.0
2022-11-02,18322.400390625,18413.900390625,18287.349609375,18413.0,4681600.0
2022-11-03,18297.400390625,18344.05078125,18198.0,18206.900390625,4025000.0
2022-11-04,18361.44921875,18377.25,18254.650390625,18301.94921875,4944100.0
2022-11-05,18361.44921875,18377.25,18254.650390625,18301.94921875,4944100.0
2022-11-06,18361.44921875,18377.25,18254.650390625,18301.94921875,4944100.0
2022-11-07,18450.150390625,18496.94921875,18309.400390625,18456.44921875,6857500.0
2022-11-08,18450.150390625,18496.94921875,18309.400390625,18456.44921875,6857500.0
2022-11-09,18406.25,18538.05078125,18363.849609375,18534.650390625,6239000.0
2022-11-10,18267.099609375,18356.25,18202.150390625,18302.349609375,5316500.0
2022-11-11,18573.349609375,18586.150390625,18498.900390625,18505.94921875,10059200.0
2022-11-12,18573.349609375,18586.150390625,18498.900390625,18505.94921875,10059200.0
2022-11-13,18573.349609375,18586.150390625,18498.900390625,18505.94921875,10059200.0
2022-11-14,18568.400390625,18626.150390625,18547.05078125,18603.94921875,6683700.0
2022-11-15,18635.400390625,18656.55078125,18516.80078125,18603.650390625,4796000.0
2022-11-16,18615.5,18657.5,18546.94921875,18632.69921875,4859100.0
2022-11-17,18532.44921875,18618.900390625,18501.150390625,18569.599609375,4945200.0
2022-11-18,18483.19921875,18587.849609375,18385.44921875,18575.75,4610900.0
2022-11-19,18483.19921875,18587.849609375,18385.44921875,18575.75,4610900.0
2022-11-20,18483.19921875,18587.849609375,18385.44921875,18575.75,4610900.0
2022-11-21,18334.650390625,18439.650390625,18305.75,18426.099609375,4374600.0
2022-11-22,18407.5,18421.849609375,18307.849609375,18353.19921875,4207100.0
2022-11-23,18433.80078125,18487.400390625,18411.099609375,18487.25,4287700.0
2022-11-24,18627.25,18665.94921875,18462.94921875,18492.30078125,4756000.0
2022-11-25,18652.05078125,18677.099609375,18583.849609375,18673.80078125,4599100.0
2022-11-26,18652.05078125,18677.099609375,18583.849609375,18673.80078125,4599100.0
2022-11-27,18652.05078125,18677.099609375,18583.849609375,18673.80078125,4599100.0
2022-11-28,18696.75,18751.0,18521.599609375,18582.55078125,4493700.0
2022-11-29,18758.349609375,18815.900390625,18689.599609375,18691.55078125,4185500.0
2022-11-30,18919.55078125,18980.75,18762.599609375,18771.349609375,11353300.0
2022-12-01,18973.05078125,19039.400390625,18939.599609375,19034.19921875,6230000.0
2022-12-02,18870.25,18948.150390625,18812.599609375,18925.849609375,5438000.0
2022-12-03,18870.25,18948.150390625,18812.599609375,18925.849609375,5438000.0
2022-12-04,18870.25,18948.150390625,18812.599609375,18925.849609375,5438000.0
2022-12-05,18867.650390625,18905.599609375,18755.5,18898.0,5463700.0
2022-12-06,18821.55078125,18832.599609375,18760.19921875,18777.599609375,4247700.0
2022-12-07,18754.0,18858.30078125,18721.849609375,18826.349609375,3932900.0
2022-12-08,18802.0,18820.349609375,18739.0,18770.80078125,4408000.0
2022-12-09,18687.650390625,18861.30078125,18594.69921875,18859.400390625,5196900.0
2022-12-10,18687.650390625,18861.30078125,18594.69921875,18859.400390625,5196900.0
2022-12-11,18687.650390625,18861.30078125,18594.69921875,18859.400390625,5196900.0
2022-12-12,18690.80078125,18711.19921875,18536.44921875,18605.19921875,3950100.0
2022-12-13,18781.650390625,18793.69921875,18688.94921875,18724.05078125,3580000.0
2022-12-14,18837.25,18872.650390625,18817.349609375,18842.849609375,4008800.0
2022-12-15,18604.44921875,18833.650390625,18576.0,18795.55078125,3765100.0
2022-12-16,18446.30078125,18624.650390625,18432.0,18512.150390625,5366500.0
2022-12-17,18446.30078125,18624.650390625,18432.0,18512.150390625,5366500.0
2022-12-18,18446.30078125,18624.650390625,18432.0,18512.150390625,5366500.0
2022-12-19,18604.5,18616.44921875,18419.44921875,18466.69921875,3298400.0
2022-12-20,18570.400390625,18589.5,18391.19921875,18532.94921875,3434100.0
2022-12-21,18361.150390625,18664.75,18324.400390625,18621.30078125,4032100.0
2022-12-22,18277.849609375,18484.94921875,18212.5,18447.0,4344600.0
2022-12-23,17888.05078125,18193.0,17855.150390625,18128.5,5423600.0
2022-12-24,17888.05078125,18193.0,17855.150390625,18128.5,5423600.0
2022-12-25,17888.05078125,18193.0,17855.150390625,18128.5,5423600.0
2022-12-26,17888.05078125,18193.0,17855.150390625,18128.5,5423600.0
2022-12-27,18263.55078125,18280.5,18097.75,18214.94921875,3962900.0
2022-12-28,18270.94921875,18317.400390625,18200.19921875,18220.349609375,3999100.0
2022-12-29,18343.599609375,18387.599609375,18124.80078125,18192.19921875,4684900.0
2022-12-30,18258.75,18434.19921875,18232.30078125,18422.400390625,3520500.0
2022-12-31,18258.75,18434.19921875,18232.30078125,18422.400390625,3520500.0
2023-01-01,18258.75,18434.19921875,18232.30078125,18422.400390625,3520500.0
2023-01-02,18334.30078125,18350.900390625,18237.44921875,18290.19921875,3910028500.0
2023-01-03,18376.5,18398.94921875,18298.55078125,18310.650390625,3733900.0
2023-01-04,18173.44921875,18385.900390625,18153.05078125,18375.650390625,4360600.0
2023-01-05,18150.0,18256.30078125,18032.44921875,18236.55078125,4328300.0
2023-01-06,18013.94921875,18200.30078125,17951.80078125,18165.94921875,4026200.0
2023-01-07,18013.94921875,18200.30078125,17951.80078125,18165.94921875,4026200.0
2023-01-08,18013.94921875,18200.30078125,17951.80078125,18165.94921875,4026200.0
2023-01-09,18248.55078125,18276.25,18098.0,18111.30078125,4219800.0
2023-01-10,18081.0,18274.400390625,18008.30078125,18270.0,4623800.0
2023-01-11,18054.30078125,18135.30078125,17988.19921875,18094.650390625,4395000.0
2023-01-12,18028.30078125,18105.150390625,17932.75,18080.55078125,4351000.0
2023-01-13,18126.25,18157.150390625,17949.150390625,18041.19921875,4377700.0
2023-01-14,18126.25,18157.150390625,17949.150390625,18041.19921875,4377700.0
2023-01-15,18126.25,18157.150390625,17949.150390625,18041.19921875,4377700.0
2023-01-16,18074.19921875,18212.0,18029.0,18191.849609375,3604900.0
2023-01-17,18216.400390625,18235.349609375,18065.44921875,18102.150390625,4628800.0
2023-01-18,18307.400390625,18324.30078125,18189.55078125,18237.599609375,5035800.0
2023-01-19,18244.75,18291.650390625,18202.80078125,18260.099609375,4132000.0
2023-01-20,18169.44921875,18278.150390625,18156.0,18252.80078125,4497900.0
2023-01-21,18169.44921875,18278.150390625,18156.0,18252.80078125,4497900.0
2023-01-22,18169.44921875,18278.150390625,18156.0,18252.80078125,4497900.0
2023-01-23,18249.349609375,18292.5,18203.849609375,18254.69921875,3911600.0
2023-01-24,18245.349609375,18323.75,18210.5,18313.599609375,4282800.0
2023-01-25,17974.349609375,18219.900390625,17950.400390625,18213.55078125,7325600.0
2023-01-26,17974.349609375,18219.900390625,17950.400390625,18213.55078125,7325600.0
2023-01-27,17594.5,17953.30078125,17483.900390625,17946.0,9731100.0
2023-01-28,17594.5,17953.30078125,17483.900390625,17946.0,9731100.0
2023-01-29,17594.5,17953.30078125,17483.900390625,17946.0,9731100.0
2023-01-30,17571.849609375,17676.599609375,17331.900390625,17498.650390625,8473900.0
2023-01-31,17601.0,17644.150390625,17467.5,17636.75,8126800.0
2023-02-01,17516.150390625,17866.94921875,17247.599609375,17744.849609375,9620500.0
2023-02-02,17490.30078125,17534.349609375,17321.0,17401.25,8234700.0
2023-02-03,17687.349609375,17701.80078125,17422.19921875,17574.5,7429500.0
2023-02-04,17687.349609375,17701.80078125,17422.19921875,17574.5,7429500.0
2023-02-05,17687.349609375,17701.80078125,17422.19921875,17574.5,7429500.0
2023-02-06,17611.44921875,17652.19921875,17541.80078125,17648.69921875,5428700.0
2023-02-07,17569.69921875,17654.900390625,17504.25,17626.44921875,6532800.0
2023-02-08,17719.849609375,17743.900390625,17596.849609375,17598.55078125,7687400.0
2023-02-09,17723.849609375,17751.650390625,17625.25,17724.25,6945900.0
2023-02-10,17685.44921875,17704.44921875,17634.94921875,17675.400390625,6144000.0
2023-02-11,17685.44921875,17704.44921875,17634.94921875,17675.400390625,6144000.0
2023-02-12,17685.44921875,17704.44921875,17634.94921875,17675.400390625,6144000.0
2023-02-13,17575.150390625,17697.099609375,17532.0,17679.400390625,4600000.0
2023-02-14,17702.349609375,17721.900390625,17581.599609375,17626.30078125,4760100.0
2023-02-15,17786.900390625,17804.900390625,17629.30078125,17664.05078125,3965300.0
2023-02-16,17814.900390625,17907.0,17783.30078125,17856.94921875,4574600.0
2023-02-17,17721.05078125,17808.55078125,17666.30078125,17753.25,4056300.0
2023-02-18,17721.05078125,17808.55078125,17666.30078125,17753.25,4056300.0
2023-02-19,17721.05078125,17808.55078125,17666.30078125,17753.25,4056300.0
2023-02-20,17626.900390625,17768.75,17600.849609375,17737.099609375,4475900.0
2023-02-21,17604.400390625,17699.25,17579.099609375,17682.849609375,4580600.0
2023-02-22,17335.0,17539.94921875,17307.099609375,17529.650390625,4264400.0
2023-02-23,17286.30078125,17386.30078125,17224.19921875,17349.80078125,5425400.0
2023-02-24,17242.150390625,17369.0,17198.30078125,17357.19921875,4444200.0
2023-02-25,17242.150390625,17369.0,17198.30078125,17357.19921875,4444200.0
2023-02-26,17242.150390625,17369.0,17198.30078125,17357.19921875,4444200.0
2023-02-27,17156.150390625,17212.900390625,17060.099609375,17200.25,4584900.0
2023-02-28,17083.80078125,17195.349609375,17039.599609375,17145.30078125,8966700.0
2023-03-01,17238.44921875,17253.44921875,17124.099609375,17134.900390625,4760200.0
2023-03-02,17129.650390625,17236.099609375,17112.650390625,17217.05078125,4818600.0
2023-03-03,17385.94921875,17433.900390625,17241.400390625,17258.19921875,5967800.0
2023-03-04,17385.94921875,17433.900390625,17241.400390625,17258.19921875,5967800.0
2023-03-05,17385.94921875,17433.900390625,17241.400390625,17258.19921875,5967800.0
2023-03-06,17506.30078125,17586.05078125,17467.80078125,17475.25,5854900.0
2023-03-07,17506.30078125,17586.05078125,17467.80078125,17475.25,5854900.0
2023-03-08,17552.94921875,17564.400390625,17399.05078125,17463.900390625,4583500.0
2023-03-09,17398.30078125,17582.30078125,17382.0,17578.25,4325700.0
2023-03-10,17244.30078125,17269.099609375,17147.0,17261.400390625,4158000.0
2023-03-11,17244.30078125,17269.099609375,17147.0,17261.400390625,4158000.0
2023-03-12,17244.30078125,17269.099609375,17147.0,17261.400390625,4158000.0
2023-03-13,16997.30078125,17358.55078125,16960.0,17257.25,4546500.0
2023-03-14,16887.05078125,17060.05078125,16826.099609375,17003.349609375,5209300.0
2023-03-15,16825.05078125,17044.099609375,16795.5,17002.75,4298500.0
2023-03-16,16852.25,16923.849609375,16696.25,16844.75,10267700.0
2023-03-17,16964.80078125,17014.30078125,16843.0,16981.099609375,8283600.0
2023-03-18,16964.80078125,17014.30078125,16843.0,16981.099609375,8283600.0
2023-03-19,16964.80078125,17014.30078125,16843.0,16981.099609375,8283600.0
2023-03-20,16852.900390625,16922.75,16700.25,16920.900390625,5116000.0
2023-03-21,16970.5,16990.44921875,16876.69921875,16926.25,4499700.0
2023-03-22,17026.19921875,17075.099609375,16987.5,17041.900390625,0.0
2023-03-23,16958.150390625,17075.69921875,16929.5,16977.44921875,4246900.0
2023-03-24,16831.80078125,16998.400390625,16806.099609375,16966.69921875,4880700.0
2023-03-25,16831.80078125,16998.400390625,16806.099609375,16966.69921875,4880700.0
2023-03-26,16831.80078125,16998.400390625,16806.099609375,16966.69921875,4880700.0
2023-03-27,16849.30078125,16953.55078125,16802.55078125,16870.30078125,4806300.0
2023-03-28,16795.349609375,16905.30078125,16758.099609375,16884.75,4868100.0
2023-03-29,16918.05078125,16962.69921875,16791.30078125,16808.849609375,6676600.0
2023-03-30,16918.05078125,16962.69921875,16791.30078125,16808.849609375,6676600.0
2023-03-31,17186.150390625,17206.849609375,17036.099609375,17043.0,5948700.0
2023-04-01,17186.150390625,17206.849609375,17036.099609375,17043.0,5948700.0
2023-04-02,17186.150390625,17206.849609375,17036.099609375,17043.0,5948700.0
2023-04-03,17224.75,17256.19921875,17141.44921875,17256.19921875,4180100.0
2023-04-04,17224.75,17256.19921875,17141.44921875,17256.19921875,4180100.0
2023-04-05,17373.94921875,17387.80078125,17232.650390625,17245.650390625,4565000.0
2023-04-06,17414.650390625,17451.099609375,17321.30078125,17357.55078125,4332800.0
2023-04-07,17414.650390625,17451.099609375,17321.30078125,17357.55078125,4332800.0
2023-04-08,17414.650390625,17451.099609375,17321.30078125,17357.55078125,4332800.0
2023-04-09,17414.650390625,17451.099609375,17321.30078125,17357.55078125,4332800.0
2023-04-10,17446.30078125,17510.30078125,17422.900390625,17454.05078125,4428900.0
2023-04-11,17540.80078125,17571.05078125,17476.19921875,17528.44921875,4731500.0
2023-04-12,17626.900390625,17638.94921875,17539.94921875,17582.80078125,4042800.0
2023-04-13,17635.150390625,17647.69921875,17546.55078125,17624.44921875,4411900.0
2023-04-14,17635.150390625,17647.69921875,17546.55078125,17624.44921875,4411900.0
2023-04-15,17635.150390625,17647.69921875,17546.55078125,17624.44921875,4411900.0
2023-04-16,17635.150390625,17647.69921875,17546.55078125,17624.44921875,4411900.0
2023-04-17,17543.44921875,17667.30078125,17411.55078125,17667.30078125,5124000.0
2023-04-18,17510.849609375,17600.55078125,17457.44921875,17600.55078125,4180800.0
2023-04-19,17455.44921875,17513.849609375,17421.80078125,17507.44921875,4638400.0
2023-04-20,17459.849609375,17515.5,17422.19921875,17476.05078125,3543700.0
2023-04-21,17455.25,17493.19921875,17388.55078125,17476.099609375,4533700.0
2023-04-22,17455.25,17493.19921875,17388.55078125,17476.099609375,4533700.0
2023-04-23,17455.25,17493.19921875,17388.55078125,17476.099609375,4533700.0
2023-04-24,17564.400390625,17574.849609375,17446.099609375,17532.599609375,4124700.0
2023-04-25,17600.05078125,17633.400390625,17546.80078125,17582.19921875,6285500.0
2023-04-26,17645.55078125,17657.69921875,17549.69921875,17598.30078125,4103700.0
2023-04-27,17739.94921875,17755.150390625,17631.69921875,17646.44921875,4652500.0
2023-04-28,17903.94921875,17926.05078125,17726.69921875,17777.400390625,7132300.0
2023-04-29,17903.94921875,17926.05078125,17726.69921875,17777.400390625,7132300.0
2023-04-30,17903.94921875,17926.05078125,17726.69921875,17777.400390625,7132300.0
2023-05-01,17903.94921875,17926.05078125,17726.69921875,17777.400390625,7132300.0
2023-05-02,17989.30078125,18020.599609375,17943.5,17964.349609375,5336300.0
2023-05-03,17941.099609375,17971.25,17895.349609375,17958.150390625,4516300.0
2023-05-04,18099.75,18110.30078125,17923.44921875,17938.599609375,5084900.0
2023-05-05,17939.25,18076.69921875,17925.55078125,17982.05078125,4807700.0
2023-05-06,17939.25,18076.69921875,17925.55078125,17982.05078125,4807700.0
2023-05-07,17939.25,18076.69921875,17925.55078125,17982.05078125,4807700.0
2023-05-08,18118.5,18137.0,17966.25,17984.55078125,4865600.0
2023-05-09,18114.05078125,18198.849609375,18078.19921875,18154.849609375,5308800.0
2023-05-10,18170.849609375,18182.400390625,18064.599609375,18158.05078125,4199300.0
2023-05-11,18174.25,18242.349609375,18146.650390625,18218.80078125,4403600.0
2023-05-12,18181.94921875,18212.150390625,18070.099609375,18152.69921875,4400400.0
2023-05-13,18181.94921875,18212.150390625,18070.099609375,18152.69921875,4400400.0
2023-05-14,18181.94921875,18212.150390625,18070.099609375,18152.69921875,4400400.0
2023-05-15,18258.099609375,18317.69921875,18157.900390625,18202.849609375,4120000.0
2023-05-16,18162.25,18291.69921875,18141.69921875,18291.599609375,4956200.0
2023-05-17,18056.69921875,18186.75,17991.849609375,18178.599609375,4332500.0
2023-05-18,17985.75,18165.650390625,17964.349609375,18156.75,4894900.0
2023-05-19,18060.349609375,18074.5,17911.69921875,18034.5,4984600.0
2023-05-20,18060.349609375,18074.5,17911.69921875,18034.5,4984600.0
2023-05-21,18060.349609375,18074.5,17911.69921875,18034.5,4984600.0
2023-05-22,18180.900390625,18199.5,18040.44921875,18065.650390625,5723500.0
2023-05-23,18219.80078125,18287.44921875,18197.80078125,18236.5,5014000.0
2023-05-24,18170.0,18267.80078125,18149.30078125,18178.55078125,4464800.0
2023-05-25,18213.599609375,18230.349609375,18102.150390625,18158.30078125,5436600.0
2023-05-26,18393.05078125,18400.69921875,18223.30078125,18256.150390625,4543600.0
2023-05-27,18393.05078125,18400.69921875,18223.30078125,18256.150390625,4543600.0
2023-05-28,18393.05078125,18400.69921875,18223.30078125,18256.150390625,4543600.0
2023-05-29,18490.25,18532.25,18472.599609375,18512.5,4721600.0
2023-05-30,18516.94921875,18546.900390625,18470.099609375,18500.150390625,4248400.0
2023-05-31,18438.30078125,18484.5,18380.25,18479.150390625,13086600.0
2023-06-01,18405.69921875,18493.25,18383.80078125,18482.849609375,4656600.0
2023-06-02,18457.0,18492.05078125,18402.69921875,18469.25,6001900.0
2023-06-03,18457.0,18492.05078125,18402.69921875,18469.25,6001900.0
2023-06-04,18457.0,18492.05078125,18402.69921875,18469.25,6001900.0
2023-06-05,18513.849609375,18554.900390625,18502.69921875,18529.94921875,4944800.0
2023-06-06,18527.849609375,18550.650390625,18459.80078125,18525.349609375,4181200.0
2023-06-07,18659.650390625,18671.599609375,18566.099609375,18596.05078125,4694800.0
2023-06-08,18562.94921875,18706.05078125,18546.099609375,18665.400390625,5312200.0
2023-06-09,18502.099609375,18607.150390625,18493.099609375,18588.19921875,4268800.0
2023-06-10,18502.099609375,18607.150390625,18493.099609375,18588.19921875,4268800.0
2023-06-11,18502.099609375,18607.150390625,18493.099609375,18588.19921875,4268800.0
2023-06-12,18545.80078125,18570.19921875,18498.30078125,18537.0,4229400.0
2023-06-13,18668.0,18679.25,18581.400390625,18581.80078125,4554700.0
2023-06-14,18705.25,18719.5,18644.75,18700.25,4892600.0
2023-06-15,18653.599609375,18757.44921875,18633.650390625,18727.30078125,4858900.0
2023-06-16,18798.55078125,18835.94921875,18683.349609375,18695.349609375,5069800.0
2023-06-17,18798.55078125,18835.94921875,18683.349609375,18695.349609375,5069800.0
2023-06-18,18798.55078125,18835.94921875,18683.349609375,18695.349609375,5069800.0
2023-06-19,18732.80078125,18855.75,18698.25,18847.80078125,4308800.0
2023-06-20,18794.599609375,18816.400390625,18651.849609375,18736.30078125,3940500.0
2023-06-21,18827.80078125,18858.19921875,18774.650390625,18829.69921875,4309700.0
2023-06-22,18722.69921875,18850.400390625,18710.30078125,18830.349609375,4587100.0
2023-06-23,18595.75,18710.05078125,18580.94921875,18698.94921875,4159600.0
2023-06-24,18595.75,18710.05078125,18580.94921875,18698.94921875,4159600.0
2023-06-25,18595.75,18710.05078125,18580.94921875,18698.94921875,4159600.0
2023-06-26,18632.75,18654.94921875,18578.05078125,18600.650390625,3332000.0
2023-06-27,18751.30078125,18761.5,18662.44921875,18690.94921875,4109800.0
2023-06-28,18901.19921875,18926.05078125,18795.75,18840.80078125,7002100.0
2023-06-29,18901.19921875,18926.05078125,18795.75,18840.80078125,7002100.0
2023-06-30,19099.55078125,19110.5,18953.19921875,18999.94921875,5171400.0
2023-07-01,19099.55078125,19110.5,18953.19921875,18999.94921875,5171400.0
2023-07-02,19099.55078125,19110.5,18953.19921875,18999.94921875,5171400.0
2023-07-03,19223.849609375,19243.099609375,19148.55078125,19159.94921875,4504000.0
2023-07-04,19270.55078125,19318.69921875,19196.849609375,19305.55078125,3867700.0
2023-07-05,19297.94921875,19317.599609375,19239.849609375,19295.349609375,4417800.0
2023-07-06,19397.099609375,19410.05078125,19279.650390625,19293.150390625,5048800.0
2023-07-07,19233.599609375,19426.80078125,19205.25,19333.55078125,4628000.0
2023-07-08,19233.599609375,19426.80078125,19205.25,19333.55078125,4628000.0
2023-07-09,19233.599609375,19426.80078125,19205.25,19333.55078125,4628000.0
2023-07-10,19239.80078125,19316.900390625,19213.5,19299.0,4375300.0
2023-07-11,19333.599609375,19403.349609375,19288.19921875,19307.349609375,4715800.0
2023-07-12,19293.69921875,19398.099609375,19274.55078125,19389.400390625,5311200.0
2023-07-13,19304.849609375,19466.400390625,19275.400390625,19400.349609375,6733600.0
2023-07-14,19454.0,19482.69921875,19321.69921875,19386.30078125,5338000.0
2023-07-15,19454.0,19482.69921875,19321.69921875,19386.30078125,5338000.0
2023-07-16,19454.0,19482.69921875,19321.69921875,19386.30078125,5338000.0
2023-07-17,19584.80078125,19602.80078125,19457.75,19500.349609375,4552600.0
2023-07-18,19605.849609375,19681.650390625,19548.94921875,19657.94921875,4903500.0
2023-07-19,19690.69921875,19706.80078125,19596.599609375,19658.650390625,4331900.0
2023-07-20,19811.900390625,19822.94921875,19622.599609375,19694.19921875,4452700.0
2023-07-21,19602.599609375,19732.25,19562.400390625,19655.25,5419700.0
2023-07-22,19602.599609375,19732.25,19562.400390625,19655.25,5419700.0
2023-07-23,19602.599609375,19732.25,19562.400390625,19655.25,5419700.0
2023-07-24,19540.44921875,19642.80078125,19526.650390625,19610.30078125,4992300.0
2023-07-25,19566.900390625,19593.75,19491.05078125,19593.75,6130600.0
2023-07-26,19662.0,19706.349609375,19600.94921875,19623.80078125,4684600.0
2023-07-27,19566.69921875,19752.44921875,19510.30078125,19731.55078125,5715200.0
2023-07-28,19580.650390625,19606.44921875,19498.55078125,19576.650390625,5844800.0
2023-07-29,19580.650390625,19606.44921875,19498.55078125,19576.650390625,5844800.0
2023-07-30,19580.650390625,19606.44921875,19498.55078125,19576.650390625,5844800.0
2023-07-31,19679.349609375,19697.44921875,19545.0,19598.900390625,5635400.0
2023-08-01,19659.849609375,19722.099609375,19630.69921875,19712.849609375,5143800.0
2023-08-02,19447.099609375,19610.0,19339.75,19590.55078125,5605500.0
2023-08-03,19310.900390625,19453.900390625,19222.400390625,19388.55078125,8225200.0
2023-08-04,19448.75,19472.5,19378.400390625,19394.75,8660200.0
2023-08-05,19448.75,19472.5,19378.400390625,19394.75,8660200.0
2023-08-06,19448.75,19472.5,19378.400390625,19394.75,8660200.0
2023-08-07,19521.849609375,19546.150390625,19451.19921875,19509.900390625,6426700.0
2023-08-08,19497.44921875,19560.55078125,19450.099609375,19554.599609375,5957400.0
2023-08-09,19554.75,19565.69921875,19403.05078125,19510.599609375,5117200.0
2023-08-10,19463.099609375,19548.900390625,19423.5,19535.55078125,5647100.0
2023-08-11,19359.0,19484.400390625,19343.25,19482.30078125,4611900.0
2023-08-12,19359.0,19484.400390625,19343.25,19482.30078125,4611900.0
2023-08-13,19359.0,19484.400390625,19343.25,19482.30078125,4611900.0
2023-08-14,19330.80078125,19363.55078125,19153.69921875,19313.44921875,4550600.0
2023-08-15,19330.80078125,19363.55078125,19153.69921875,19313.44921875,4550600.0
2023-08-16,19358.05078125,19375.05078125,19212.75,19268.05078125,0.0
2023-08-17,19264.599609375,19361.599609375,19236.30078125,19350.80078125,4257900.0
2023-08-18,19209.349609375,19273.150390625,19157.44921875,19208.25,4358200.0
2023-08-19,19209.349609375,19273.150390625,19157.44921875,19208.25,4358200.0
2023-08-20,19209.349609375,19273.150390625,19157.44921875,19208.25,4358200.0
2023-08-21,19303.400390625,19333.19921875,19205.25,19224.05078125,4087300.0
2023-08-22,19325.44921875,19364.25,19305.5,19333.05078125,4554400.0
2023-08-23,19362.55078125,19397.0,19302.69921875,19371.349609375,4486500.0
2023-08-24,19323.349609375,19504.19921875,19306.650390625,19458.349609375,4703500.0
2023-08-25,19193.900390625,19278.5,19162.69921875,19242.55078125,6856400.0
2023-08-26,19193.900390625,19278.5,19162.69921875,19242.55078125,6856400.0
2023-08-27,19193.900390625,19278.5,19162.69921875,19242.55078125,6856400.0
2023-08-28,19243.650390625,19299.099609375,19183.349609375,19235.900390625,5070000.0
2023-08-29,19291.25,19313.150390625,19259.44921875,19311.69921875,5085600.0
2023-08-30,19307.5,19400.650390625,19295.349609375,19383.69921875,5980200.0
2023-08-31,19204.80078125,19338.55078125,19178.0,19331.349609375,8760300.0
2023-09-01,19382.94921875,19403.75,19210.150390625,19212.900390625,5826200.0
2023-09-02,19382.94921875,19403.75,19210.150390625,19212.900390625,5826200.0
2023-09-03,19382.94921875,19403.75,19210.150390625,19212.900390625,5826200.0
2023-09-04,19485.5,19499.75,19382.94921875,19473.400390625,6362448000.0
2023-09-05,19531.19921875,19542.80078125,19482.19921875,19525.150390625,5367100.0
2023-09-06,19578.25,19599.94921875,19464.099609375,19542.0,7063400.0
2023-09-07,19690.5,19703.0,19533.150390625,19572.099609375,6183300.0
2023-09-08,19789.30078125,19834.900390625,19690.5,19741.30078125,5859500.0
2023-09-09,19789.30078125,19834.900390625,19690.5,19741.30078125,5859500.0
2023-09-10,19789.30078125,19834.900390625,19690.5,19741.30078125,5859500.0
2023-09-11,19970.80078125,19981.0,19841.75,19864.900390625,5471300.0
2023-09-12,19905.19921875,20082.400390625,19835.05078125,20082.099609375,6629800.0
2023-09-13,19977.80078125,20000.5,19844.75,19900.849609375,4963000.0
2023-09-14,20024.80078125,20083.69921875,19961.400390625,20040.55078125,4854300.0
2023-09-15,20108.400390625,20136.30078125,20048.75,20079.75,8106100.0
2023-09-16,20108.400390625,20136.30078125,20048.75,20079.75,8106100.0
2023-09-17,20108.400390625,20136.30078125,20048.75,20079.75,8106100.0
2023-09-18,20056.150390625,20115.5,20039.75,20092.94921875,5609000.0
2023-09-19,20056.150390625,20115.5,20039.75,20092.94921875,5609000.0
2023-09-20,19832.599609375,19984.150390625,19809.55078125,19919.0,6581600.0
2023-09-21,19674.80078125,19784.80078125,19641.19921875,19779.19921875,4658300.0
2023-09-22,19614.19921875,19732.80078125,19597.19921875,19679.5,4742000.0
2023-09-23,19614.19921875,19732.80078125,19597.19921875,19679.5,4742000.0
2023-09-24,19614.19921875,19732.80078125,19597.19921875,19679.5,4742000.0
2023-09-25,19606.849609375,19663.0,19539.69921875,19622.05078125,3639000.0
2023-09-26,19606.05078125,19640.94921875,19579.650390625,19615.849609375,3676300.0
2023-09-27,19654.94921875,19668.0,19498.44921875,19583.400390625,3967600.0
2023-09-28,19451.650390625,19703.349609375,19421.25,19698.44921875,6022600.0
2023-09-29,19577.05078125,19656.44921875,19482.0,19511.44921875,4405600.0
2023-09-30,19577.05078125,19656.44921875,19482.0,19511.44921875,4405600.0
2023-10-01,19577.05078125,19656.44921875,19482.0,19511.44921875,4405600.0
2023-10-02,19577.05078125,19656.44921875,19482.0,19511.44921875,4405600.0
2023-10-03,19492.69921875,19571.5,19434.44921875,19569.900390625,5458600.0
2023-10-04,19376.25,19423.900390625,19277.30078125,19416.05078125,6122200.0
2023-10-05,19476.05078125,19504.349609375,19420.80078125,19462.44921875,6346900.0
2023-10-06,19584.44921875,19606.05078125,19524.69921875,19554.400390625,3908000.0
2023-10-07,19584.44921875,19606.05078125,19524.69921875,19554.400390625,3908000.0
2023-10-08,19584.44921875,19606.05078125,19524.69921875,19554.400390625,3908000.0
2023-10-09,19428.900390625,19504.650390625,19391.75,19462.5,3992800.0
2023-10-10,19616.55078125,19640.69921875,19484.75,19485.94921875,4538100.0
2023-10-11,19736.80078125,19767.150390625,19686.599609375,19695.5,5264600.0
2023-10-12,19728.099609375,19775.80078125,19709.19921875,19755.94921875,4920300.0
2023-10-13,19691.69921875,19744.30078125,19579.94921875,19598.349609375,4859000.0
2023-10-14,19691.69921875,19744.30078125,19579.94921875,19598.349609375,4859000.0
2023-10-15,19691.69921875,19744.30078125,19579.94921875,19598.349609375,4859000.0
2023-10-16,19680.650390625,19726.400390625,19636.400390625,19678.099609375,3779600.0
2023-10-17,19758.900390625,19792.75,19726.30078125,19787.099609375,3839100.0
2023-10-18,19611.349609375,19780.0,19600.349609375,19769.349609375,4964200.0
2023-10-19,19562.30078125,19613.75,19449.349609375,19490.94921875,4111700.0
2023-10-20,19468.400390625,19533.349609375,19450.30078125,19488.25,4366800.0
2023-10-21,19468.400390625,19533.349609375,19450.30078125,19488.25,4366800.0
2023-10-22,19468.400390625,19533.349609375,19450.30078125,19488.25,4366800.0
2023-10-23,19189.099609375,19482.69921875,19162.19921875,19451.400390625,4435900.0
2023-10-24,19189.099609375,19482.69921875,19162.19921875,19451.400390625,4435900.0
2023-10-25,19034.400390625,19264.900390625,18977.150390625,19196.75,4546700.0
2023-10-26,18780.599609375,18954.55078125,18743.30078125,18941.400390625,6658100.0
2023-10-27,18996.099609375,19024.75,18856.900390625,18859.0,4715000.0
2023-10-28,18996.099609375,19024.75,18856.900390625,18859.0,4715000.0
2023-10-29,18996.099609375,19024.75,18856.900390625,18859.0,4715000.0
2023-10-30,19080.849609375,19096.5,18882.400390625,19007.599609375,3767600.0
2023-10-31,19035.349609375,19175.19921875,19012.349609375,19174.599609375,4510500.0
2023-11-01,18942.30078125,19061.94921875,18926.05078125,19028.849609375,4498500.0
2023-11-02,19107.25,19128.150390625,19028.150390625,19074.55078125,5034400.0
2023-11-03,19222.099609375,19256.44921875,19200.30078125,19215.900390625,6069700.0
2023-11-04,19222.099609375,19256.44921875,19200.30078125,19215.900390625,6069700.0
2023-11-05,19222.099609375,19256.44921875,19200.30078125,19215.900390625,6069700.0
2023-11-06,19399.099609375,19410.69921875,19300.349609375,19333.19921875,5702900.0
2023-11-07,19416.80078125,19433.900390625,19331.55078125,19398.25,5833400.0
2023-11-08,19470.099609375,19485.25,19426.44921875,19466.900390625,4758900.0
2023-11-09,19413.80078125,19494.44921875,19398.599609375,19489.150390625,4206200.0
2023-11-10,19444.80078125,19468.75,19344.900390625,19371.55078125,3505100.0
2023-11-11,19444.80078125,19468.75,19344.900390625,19371.55078125,3505100.0
2023-11-12,19444.80078125,19468.75,19344.900390625,19371.55078125,3505100.0
2023-11-13,19475.69921875,19515.19921875,19436.599609375,19508.599609375,4040500.0
2023-11-14,19475.69921875,19515.19921875,19436.599609375,19508.599609375,4040500.0
2023-11-15,19698.400390625,19714.900390625,19611.05078125,19675.5,5704300.0
2023-11-16,19785.849609375,19884.30078125,19652.599609375,19701.650390625,5007300.0
2023-11-17,19773.44921875,19835.75,19696.099609375,19704.599609375,5113100.0
2023-11-18,19773.44921875,19835.75,19696.099609375,19704.599609375,5113100.0
2023-11-19,19773.44921875,19835.75,19696.099609375,19704.599609375,5113100.0
2023-11-20,19730.69921875,19795.099609375,19715.150390625,19779.55078125,3593400.0
2023-11-21,19806.400390625,19851.80078125,19788.05078125,19807.5,3759300.0
2023-11-22,19818.900390625,19849.05078125,19716.94921875,19810.30078125,3743800.0
2023-11-23,19819.400390625,19883.44921875,19802.25,19839.69921875,3334100.0
2023-11-24,19812.099609375,19854.69921875,19792.75,19831.80078125,3439600.0
2023-11-25,19812.099609375,19854.69921875,19792.75,19831.80078125,3439600.0
2023-11-26,19812.099609375,19854.69921875,19792.75,19831.80078125,3439600.0
2023-11-27,19812.099609375,19854.69921875,19792.75,19831.80078125,3439600.0
2023-11-28,19938.400390625,19964.94921875,19832.5,19867.75,5943800.0
2023-11-29,20136.19921875,20144.599609375,20021.30078125,20037.25,6345300.0
2023-11-30,20201.0,20226.400390625,20063.400390625,20152.849609375,11787000.0
2023-12-01,20339.44921875,20365.44921875,20263.099609375,20274.599609375,6576500.0
2023-12-02,20339.44921875,20365.44921875,20263.099609375,20274.599609375,6576500.0
2023-12-03,20339.44921875,20365.44921875,20263.099609375,20274.599609375,6576500.0
2023-12-04,20757.94921875,20773.69921875,20586.75,20687.349609375,9011500.0
2023-12-05,20949.25,20957.650390625,20783.599609375,20870.400390625,9014000.0
2023-12-06,21074.150390625,21093.0,20978.099609375,21055.099609375,8402300.0
2023-12-07,21076.349609375,21102.80078125,21014.19921875,21086.25,7820400.0
2023-12-08,21107.19921875,21172.349609375,20981.69921875,21125.19921875,6940400.0
2023-12-09,21107.19921875,21172.349609375,20981.69921875,21125.19921875,6940400.0
2023-12-10,21107.19921875,21172.349609375,20981.69921875,21125.19921875,6940400.0
2023-12-11,21161.69921875,21181.099609375,21089.30078125,21114.75,5331700.0
2023-12-12,21058.25,21203.69921875,21009.900390625,21191.900390625,5143800.0
2023-12-13,21099.599609375,21122.150390625,20930.25,21088.349609375,5829600.0
2023-12-14,21364.30078125,21392.75,21252.69921875,21279.400390625,6880100.0
2023-12-15,21595.5,21624.75,21411.349609375,21471.19921875,8707700.0
2023-12-16,21595.5,21624.75,21411.349609375,21471.19921875,8707700.0
2023-12-17,21595.5,21624.75,21411.349609375,21471.19921875,8707700.0
2023-12-18,21585.25,21644.0,21510.150390625,21585.19921875,5881200.0
2023-12-19,21622.94921875,21672.55078125,21494.400390625,21647.44921875,5595500.0
2023-12-20,21267.349609375,21775.75,21206.349609375,21728.650390625,7595500.0
2023-12-21,21402.150390625,21435.0,21073.900390625,21135.30078125,6041800.0
2023-12-22,21508.849609375,21544.19921875,21382.19921875,21461.25,6195000.0
2023-12-23,21508.849609375,21544.19921875,21382.19921875,21461.25,6195000.0
2023-12-24,21508.849609375,21544.19921875,21382.19921875,21461.25,6195000.0
2023-12-25,21508.849609375,21544.19921875,21382.19921875,21461.25,6195000.0
2023-12-26,21617.05078125,21647.05078125,21504.599609375,21539.400390625,5015000.0
2023-12-27,21815.44921875,21834.69921875,21678.400390625,21683.900390625,5219000.0
2023-12-28,21931.75,21951.900390625,21836.94921875,21879.849609375,9112900.0
2023-12-29,21918.80078125,21944.44921875,21847.5,21903.44921875,6434300.0
2023-12-30,21918.80078125,21944.44921875,21847.5,21903.44921875,6434300.0
2023-12-31,21918.80078125,21944.44921875,21847.5,21903.44921875,6434300.0
2024-01-01,21918.80078125,21944.44921875,21847.5,21903.44921875,6434300.0
2024-01-02,21865.25,21959.55078125,21727.349609375,21955.80078125,5763500.0
2024-01-03,21771.400390625,21890.650390625,21752.55078125,21877.599609375,6962800.0
2024-01-04,21934.400390625,21961.400390625,21830.900390625,21865.400390625,6397600.0
2024-01-05,21974.599609375,22027.0,21882.25,21988.5,6496200.0
2024-01-06,21974.599609375,22027.0,21882.25,21988.5,6496200.0
2024-01-07,21974.599609375,22027.0,21882.25,21988.5,6496200.0
2024-01-08,21770.75,22024.150390625,21750.25,22016.69921875,5183900.0
2024-01-09,21815.150390625,21986.599609375,21788.69921875,21915.650390625,4784300.0
2024-01-10,21885.80078125,21907.5,21704.5,21806.099609375,4885700.0
2024-01-11,21942.150390625,22004.099609375,21886.650390625,21963.75,5073200.0
2024-01-12,22159.25,22192.75,22003.150390625,22065.099609375,6064600.0
2024-01-13,22159.25,22192.75,22003.150390625,22065.099609375,6064600.0
2024-01-14,22159.25,22192.75,22003.150390625,22065.099609375,6064600.0
2024-01-15,22338.75,22355.44921875,22202.69921875,22313.0,6311300.0
2024-01-16,22274.599609375,22367.30078125,22204.55078125,22329.80078125,6314100.0
2024-01-17,21839.94921875,22110.55078125,21819.900390625,21925.599609375,8681700.0
2024-01-18,21730.099609375,21799.30078125,21509.099609375,21698.30078125,7701800.0
2024-01-19,21916.0,21942.849609375,21849.650390625,21882.80078125,6973700.0
2024-01-20,21916.0,21942.849609375,21849.650390625,21882.80078125,6973700.0
2024-01-21,21916.0,21942.849609375,21849.650390625,21882.80078125,6973700.0
2024-01-22,21916.0,21942.849609375,21849.650390625,21882.80078125,6973700.0
2024-01-23,21506.80078125,22054.849609375,21464.75,22037.650390625,9063500.0
2024-01-24,21746.0,21771.75,21391.80078125,21469.94921875,7813700.0
2024-01-25,21666.5,21763.650390625,21541.849609375,21763.650390625,8186900.0
2024-01-26,21666.5,21763.650390625,21541.849609375,21763.650390625,8186900.0
2024-01-27,21666.5,21763.650390625,21541.849609375,21763.650390625,8186900.0
2024-01-28,21666.5,21763.650390625,21541.849609375,21763.650390625,8186900.0
2024-01-29,22041.599609375,22066.75,21744.19921875,21752.099609375,8319700.0
2024-01-30,21846.19921875,22120.349609375,21826.05078125,22088.599609375,7744300.0
2024-01-31,22051.55078125,22067.150390625,21783.400390625,21823.150390625,8828600.0
2024-02-01,22039.599609375,22169.849609375,21985.69921875,22123.44921875,8153600.0
2024-02-02,22199.0,22444.75,22155.0,22158.69921875,9837400.0
2024-02-03,22199.0,22444.75,22155.0,22158.69921875,9837400.0
2024-02-04,22199.0,22444.75,22155.0,22158.69921875,9837400.0
2024-02-05,22113.400390625,22329.69921875,22064.150390625,22284.150390625,9156000.0
2024-02-06,22299.30078125,22315.150390625,22074.349609375,22177.05078125,7261000.0
2024-02-07,22363.69921875,22437.650390625,22261.94921875,22428.650390625,8102400.0
2024-02-08,22202.75,22459.94921875,22150.80078125,22456.400390625,10624000.0
2024-02-09,22247.55078125,22274.599609375,22044.44921875,22223.150390625,10123800.0
2024-02-10,22247.55078125,22274.599609375,22044.44921875,22223.150390625,10123800.0
2024-02-11,22247.55078125,22274.599609375,22044.44921875,22223.150390625,10123800.0
2024-02-12,22042.099609375,22301.900390625,22001.69921875,22273.5,7686200.0
2024-02-13,22181.599609375,22196.849609375,21934.80078125,22090.5,7249400.0
2024-02-14,22313.400390625,22336.849609375,21972.30078125,22014.150390625,6786800.0
2024-02-15,22405.55078125,22447.55078125,22301.650390625,22398.400390625,8897800.0
2024-02-16,22540.900390625,22570.19921875,22469.69921875,22516.900390625,7429700.0
2024-02-17,22540.900390625,22570.19921875,22469.69921875,22516.900390625,7429700.0
2024-02-18,22540.900390625,22570.19921875,22469.69921875,22516.900390625,7429700.0
2024-02-19,22540.900390625,22570.19921875,22469.69921875,22516.900390625,7429700.0
2024-02-20,22685.650390625,22704.349609375,22545.849609375,22604.75,5669200.0
2024-02-21,22547.599609375,22757.25,22488.5,22743.650390625,6930600.0
2024-02-22,22725.400390625,22759.05078125,22389.849609375,22587.150390625,6254100.0
2024-02-23,22734.30078125,22804.80078125,22704.900390625,22798.650390625,5664500.0
2024-02-24,22734.30078125,22804.80078125,22704.900390625,22798.650390625,5664500.0
2024-02-25,22734.30078125,22804.80078125,22704.900390625,22798.650390625,5664500.0
2024-02-26,22667.75,22743.400390625,22617.30078125,22698.69921875,4767600.0
2024-02-27,22722.30078125,22753.0,22641.0,22643.650390625,5036300.0
2024-02-28,22457.650390625,22764.55078125,22421.44921875,22746.400390625,5367600.0
2024-02-29,22526.30078125,22609.349609375,22358.19921875,22441.94921875,11544300.0
2024-03-01,22862.05078125,22874.44921875,22604.650390625,22605.69921875,6184600.0
2024-03-02,22862.05078125,22874.44921875,22604.650390625,22605.69921875,6184600.0
2024-03-03,22862.05078125,22874.44921875,22604.650390625,22605.69921875,6184600.0
2024-03-04,22944.80078125,22985.94921875,22889.349609375,22947.75,6304400.0
2024-03-05,22900.650390625,22956.94921875,22824.849609375,22927.75,6314400.0
2024-03-06,22988.349609375,23011.55078125,22724.099609375,22878.55078125,11692600.0
2024-03-07,23036.05078125,23070.650390625,22970.849609375,23024.05078125,7210400.0
2024-03-08,23036.05078125,23070.650390625,22970.849609375,23024.05078125,7210400.0
2024-03-09,23036.05078125,23070.650390625,22970.849609375,23024.05078125,7210400.0
2024-03-10,23036.05078125,23070.650390625,22970.849609375,23024.05078125,7210400.0
2024-03-11,22895.44921875,23073.55078125,22867.44921875,23066.94921875,6110500.0
2024-03-12,22840.900390625,22990.05078125,22784.900390625,22901.80078125,5685100.0
2024-03-13,22399.0,22944.05078125,22294.44921875,22928.150390625,9029700.0
2024-03-14,22623.69921875,22664.19921875,22296.650390625,22371.349609375,7546600.0
2024-03-15,22494.69921875,22613.900390625,22367.650390625,22548.55078125,12164500.0
2024-03-16,22494.69921875,22613.900390625,22367.650390625,22548.55078125,12164500.0
2024-03-17,22494.69921875,22613.900390625,22367.650390625,22548.55078125,12164500.0
2024-03-18,22541.150390625,22607.5,22393.69921875,22462.30078125,6007000.0
2024-03-19,22274.650390625,22471.900390625,22254.55078125,22449.19921875,5950100.0
2024-03-20,22307.75,22383.099609375,22140.19921875,22310.30078125,5526700.0
2024-03-21,22538.900390625,22583.05078125,22445.150390625,22472.599609375,6321700.0
2024-03-22,22633.80078125,22709.349609375,22414.5,22476.69921875,6300200.0
2024-03-23,22633.80078125,22709.349609375,22414.5,22476.69921875,6300200.0
2024-03-24,22633.80078125,22709.349609375,22414.5,22476.69921875,6300200.0
2024-03-25,22633.80078125,22709.349609375,22414.5,22476.69921875,6300200.0
2024-03-26,22601.349609375,22650.400390625,22493.69921875,22494.150390625,6011300.0
2024-03-27,22698.5,22793.150390625,22661.69921875,22661.69921875,7109200.0
2024-03-28,22920.69921875,23090.19921875,22747.55078125,22747.55078125,6430100.0
2024-03-29,22920.69921875,23090.19921875,22747.55078125,22747.55078125,6430100.0
2024-03-30,22920.69921875,23090.19921875,22747.55078125,22747.55078125,6430100.0
2024-03-31,22920.69921875,23090.19921875,22747.55078125,22747.55078125,6430100.0
2024-04-01,23107.150390625,23161.75,23058.650390625,23065.150390625,5613900.0
2024-04-02,23138.55078125,23162.55078125,23056.30078125,23124.30078125,7362000.0
2024-04-03,23136.599609375,23212.55078125,23038.19921875,23077.69921875,7570100.0
2024-04-04,23206.0,23327.94921875,23034.0,23304.19921875,8250000.0
2024-04-05,23240.55078125,23262.900390625,23128.900390625,23185.30078125,6501300.0
2024-04-06,23240.55078125,23262.900390625,23128.900390625,23185.30078125,6501300.0
2024-04-07,23240.55078125,23262.900390625,23128.900390625,23185.30078125,6501300.0
2024-04-08,23380.30078125,23422.30078125,23289.25,23324.900390625,5952700.0
2024-04-09,23348.900390625,23480.400390625,23304.5,23480.099609375,5808100.0
2024-04-10,23474.69921875,23494.80078125,23391.80078125,23431.94921875,6766700.0
2024-04-11,23474.69921875,23494.80078125,23391.80078125,23431.94921875,6766700.0
2024-04-12,23254.900390625,23466.80078125,23244.400390625,23412.849609375,8035200.0
2024-04-13,23254.900390625,23466.80078125,23244.400390625,23412.849609375,8035200.0
2024-04-14,23254.900390625,23466.80078125,23244.400390625,23412.849609375,8035200.0
2024-04-15,22967.099609375,23139.30078125,22908.599609375,23026.69921875,8520000.0
2024-04-16,22870.30078125,22944.650390625,22798.19921875,22834.099609375,7200700.0
2024-04-17,22870.30078125,22944.650390625,22798.19921875,22834.099609375,7200700.0
2024-04-18,22740.19921875,23080.5,22702.650390625,22964.05078125,9102200.0
2024-04-19,22859.80078125,22896.5,22469.05078125,22591.099609375,7326800.0
2024-04-20,22859.80078125,22896.5,22469.05078125,22591.099609375,7326800.0
2024-04-21,22859.80078125,22896.5,22469.05078125,22591.099609375,7326800.0
2024-04-22,23078.900390625,23115.650390625,22934.349609375,23067.30078125,6309700.0
2024-04-23,23116.0,23200.69921875,23098.94921875,23200.44921875,5402400.0
2024-04-24,23167.80078125,23230.650390625,23148.30078125,23177.0,5448200.0
2024-04-25,23329.80078125,23372.900390625,23092.349609375,23099.44921875,7980200.0
2024-04-26,23232.099609375,23392.80078125,23200.69921875,23389.19921875,7548300.0
2024-04-27,23232.099609375,23392.80078125,23200.69921875,23389.19921875,7548300.0
2024-04-28,23232.099609375,23392.80078125,23200.69921875,23389.19921875,7548300.0
2024-04-29,23443.80078125,23457.900390625,23250.900390625,23305.69921875,6718000.0
2024-04-30,23436.5,23618.69921875,23402.75,23499.75,9489800.0
2024-05-01,23436.5,23618.69921875,23402.75,23499.75,9489800.0
2024-05-02,23541.30078125,23593.19921875,23421.900390625,23422.900390625,9537700.0
2024-05-03,23382.75,23693.5,23234.75,23668.5,8478400.0
2024-05-04,23382.75,23693.5,23234.75,23668.5,8478400.0
2024-05-05,23382.75,23693.5,23234.75,23668.5,8478400.0
2024-05-06,23297.75,23466.0,23256.400390625,23458.599609375,9072400.0
2024-05-07,23103.75,23355.80078125,23020.44921875,23350.5,8022200.0
2024-05-08,23166.0,23236.650390625,22982.849609375,23040.80078125,7374800.0
2024-05-09,22790.19921875,23190.400390625,22763.30078125,23114.599609375,7876500.0
2024-05-10,22909.099609375,22960.30078125,22784.650390625,22844.25,6481400.0
2024-05-11,22909.099609375,22960.30078125,22784.650390625,22844.25,6481400.0
2024-05-12,22909.099609375,22960.30078125,22784.650390625,22844.25,6481400.0
2024-05-13,22956.349609375,22988.349609375,22630.849609375,22904.400390625,7332100.0
2024-05-14,23118.19921875,23162.69921875,22942.25,22979.400390625,6817500.0
2024-05-15,23133.849609375,23224.849609375,23078.05078125,23177.80078125,6777900.0
2024-05-16,23343.55078125,23370.849609375,22997.5,23258.80078125,8457700.0
2024-05-17,23444.30078125,23466.0,23307.25,23368.349609375,7702400.0
2024-05-18,23444.30078125,23466.0,23307.25,23368.349609375,7702400.0
2024-05-19,23444.30078125,23466.0,23307.25,23368.349609375,7702400.0
2024-05-20,23444.30078125,23466.0,23307.25,23368.349609375,7702400.0
2024-05-21,23569.900390625,23625.900390625,23449.75,23450.94921875,9859700.0
2024-05-22,23633.900390625,23663.400390625,23498.75,23634.5,8125900.0
2024-05-23,23982.349609375,24004.849609375,23632.44921875,23662.900390625,9824300.0
2024-05-24,23980.099609375,24060.75,23926.400390625,23962.19921875,7516500.0
2024-05-25,23980.099609375,24060.75,23926.400390625,23962.19921875,7516500.0
2024-05-26,23980.099609375,24060.75,23926.400390625,23962.19921875,7516500.0
2024-05-27,23959.849609375,24106.849609375,23903.30078125,24075.0,7615100.0
2024-05-28,23873.900390625,24028.150390625,23840.05078125,24011.44921875,6268900.0
2024-05-29,23687.69921875,23816.349609375,23670.94921875,23744.94921875,6800600.0
2024-05-30,23466.30078125,23696.19921875,23393.30078125,23609.900390625,8160500.0
2024-05-31,23518.05078125,23620.55078125,23439.69921875,23561.849609375,16943700.0
2024-06-01,23518.05078125,23620.55078125,23439.69921875,23561.849609375,16943700.0
2024-06-02,23518.05078125,23620.55078125,23439.69921875,23561.849609375,16943700.0
2024-06-03,24344.19921875,24445.19921875,24133.150390625,24444.69921875,15509100.0
2024-06-04,22739.599609375,24268.05078125,22003.75,24268.05078125,28987000.0
2024-06-05,23550.75,23597.19921875,22563.650390625,23027.69921875,17826100.0
2024-06-06,23806.94921875,23917.05078125,23627.44921875,23754.94921875,11616800.0
2024-06-07,24266.05078125,24291.349609375,23758.099609375,23812.94921875,9767300.0
2024-06-08,24266.05078125,24291.349609375,23758.099609375,23812.94921875,9767300.0
2024-06-09,24266.05078125,24291.349609375,23758.099609375,23812.94921875,9767300.0
2024-06-10,24271.150390625,24417.80078125,24229.150390625,24328.94921875,7961800.0
2024-06-11,24271.05078125,24403.650390625,24222.349609375,24306.400390625,7613900.0
2024-06-12,24348.80078125,24445.80078125,24313.400390625,24358.849609375,7520000.0
2024-06-13,24449.5,24527.150390625,24376.75,24527.05078125,7324900.0
2024-06-14,24571.650390625,24592.900390625,24411.150390625,24529.0,6718300.0
2024-06-15,24571.650390625,24592.900390625,24411.150390625,24529.0,6718300.0
2024-06-16,24571.650390625,24592.900390625,24411.150390625,24529.0,6718300.0
2024-06-17,24571.650390625,24592.900390625,24411.150390625,24529.0,6718300.0
2024-06-18,24683.55078125,24700.599609375,24612.94921875,24689.75,7086100.0
2024-06-19,24599.900390625,24763.599609375,24499.30078125,24762.5,8627800.0
2024-06-20,24649.849609375,24695.5,24532.849609375,24668.650390625,6763400.0
2024-06-21,24555.5,24746.400390625,24480.30078125,24743.55078125,10694400.0
2024-06-22,24555.5,24746.400390625,24480.30078125,24743.55078125,10694400.0
2024-06-23,24555.5,24746.400390625,24480.30078125,24743.55078125,10694400.0
2024-06-24,24621.599609375,24635.849609375,24382.150390625,24443.75,6291900.0
2024-06-25,24757.80078125,24786.69921875,24626.0,24674.099609375,6549700.0
2024-06-26,24867.150390625,24888.30078125,24689.94921875,24754.650390625,7797800.0
2024-06-27,25026.55078125,25070.25,24819.599609375,24878.44921875,10641000.0
2024-06-28,25007.25,25165.80078125,24981.75,25075.650390625,8102600.0
2024-06-29,25007.25,25165.80078125,24981.75,25075.650390625,8102600.0
2024-06-30,25007.25,25165.80078125,24981.75,25075.650390625,8102600.0
2024-07-01,25155.69921875,25172.94921875,24996.650390625,25004.0,0.0
2024-07-02,25120.099609375,25247.599609375,25039.05078125,25241.75,0.0
2024-07-03,25306.900390625,25328.650390625,25211.0,25287.0,0.0
2024-07-04,25342.55078125,25433.400390625,25319.599609375,25394.349609375,5871900.0
2024-07-05,25391.25,25426.400390625,25229.30078125,25272.400390625,8555500.0
2024-07-06,25391.25,25426.400390625,25229.30078125,25272.400390625,8555500.0
2024-07-07,25391.25,25426.400390625,25229.30078125,25272.400390625,8555500.0
2024-07-08,25393.55078125,25427.25,25310.0,25414.5,9034500.0
2024-07-09,25515.099609375,25524.44921875,25414.25,25440.849609375,7457500.0
2024-07-10,25425.650390625,25557.69921875,25165.0,25557.650390625,8570600.0
2024-07-11,25433.75,25508.30078125,25312.0,25503.650390625,7462700.0
2024-07-12,25577.30078125,25677.69921875,25458.05078125,25514.75,9376500.0
2024-07-13,25577.30078125,25677.69921875,25458.05078125,25514.75,9376500.0
2024-07-14,25577.30078125,25677.69921875,25458.05078125,25514.75,9376500.0
2024-07-15,25696.05078125,25726.25,25599.349609375,25674.900390625,8263000.0
2024-07-16,25679.099609375,25762.25,25655.0,25736.099609375,7180900.0
2024-07-17,25679.099609375,25762.25,25655.0,25736.099609375,7180900.0
2024-07-18,25784.80078125,25812.69921875,25501.599609375,25621.44921875,8659700.0
2024-07-19,25450.849609375,25821.099609375,25428.30078125,25820.44921875,8198400.0
2024-07-20,25450.849609375,25821.099609375,25428.30078125,25820.44921875,8198400.0
2024-07-21,25450.849609375,25821.099609375,25428.30078125,25820.44921875,8198400.0
2024-07-22,25490.400390625,25567.900390625,25275.099609375,25357.25,6912400.0
2024-07-23,25419.599609375,25575.44921875,24895.55078125,25566.19921875,10340700.0
2024-07-24,25389.0,25476.0,25288.5,25398.05078125,7739200.0
2024-07-25,25407.5,25428.599609375,25184.69921875,25203.0,8650900.0
2024-07-26,25841.900390625,25863.30078125,25438.69921875,25451.900390625,8085200.0
2024-07-27,25841.900390625,25863.30078125,25438.69921875,25451.900390625,8085200.0
2024-07-28,25841.900390625,25863.30078125,25438.69921875,25451.900390625,8085200.0
2024-07-29,25901.94921875,26040.69921875,25832.80078125,25966.099609375,10381400.0
2024-07-30,25914.099609375,26031.80078125,25869.099609375,25920.400390625,8309700.0
2024-07-31,26025.599609375,26054.30078125,25931.44921875,25960.400390625,7592400.0
2024-08-01,26057.80078125,26145.599609375,25983.650390625,26101.099609375,9220800.0
2024-08-02,25771.900390625,25930.849609375,25743.80078125,25833.75,10729300.0
2024-08-03,25771.900390625,25930.849609375,25743.80078125,25833.75,10729300.0
2024-08-04,25771.900390625,25930.849609375,25743.80078125,25833.75,10729300.0
2024-08-05,25043.05078125,25375.650390625,24871.55078125,25291.05078125,12672600.0
2024-08-06,24940.75,25427.349609375,24905.30078125,25199.19921875,8560700.0
2024-08-07,25349.0,25373.599609375,25171.650390625,25286.19921875,8032000.0
2024-08-08,25161.25,25383.0,25125.75,25314.0,6536900.0
2024-08-09,25425.400390625,25477.900390625,25362.900390625,25443.05078125,5263600.0
2024-08-10,25425.400390625,25477.900390625,25362.900390625,25443.05078125,5263600.0
2024-08-11,25425.400390625,25477.900390625,25362.900390625,25443.05078125,5263600.0
2024-08-12,25386.05078125,25501.30078125,25233.900390625,25356.19921875,6182600.0
2024-08-13,25155.150390625,25414.30078125,25131.80078125,25396.75,5645300.0
2024-08-14,25160.650390625,25224.19921875,25090.349609375,25210.0,6129100.0
2024-08-15,25160.650390625,25224.19921875,25090.349609375,25210.0,6129100.0
2024-08-16,25578.5,25599.44921875,25221.25,25355.80078125,5763500.0
2024-08-17,25578.5,25599.44921875,25221.25,25355.80078125,5763500.0
2024-08-18,25578.5,25599.44921875,25221.25,25355.80078125,5763500.0
2024-08-19,25638.19921875,25701.400390625,25604.44921875,25699.94921875,5627600.0
2024-08-20,25782.349609375,25801.94921875,25673.900390625,25718.349609375,6500000.0
2024-08-21,25853.19921875,25871.599609375,25746.599609375,25775.69921875,5395000.0
2024-08-22,25910.44921875,25961.80078125,25877.5,25958.099609375,4868600.0
2024-08-23,25905.94921875,25972.05078125,25880.5,25956.30078125,5493500.0
2024-08-24,25905.94921875,25972.05078125,25880.5,25956.30078125,5493500.0
2024-08-25,25905.94921875,25972.05078125,25880.5,25956.30078125,5493500.0
2024-08-26,26076.80078125,26102.75,25952.94921875,25998.55078125,4603700.0
2024-08-27,26083.150390625,26134.849609375,26038.25,26098.75,4786200.0
2024-08-28,26116.80078125,26193.599609375,26033.94921875,26116.150390625,4761200.0
2024-08-29,26188.900390625,26222.349609375,26023.349609375,26107.44921875,6674200.0
2024-08-30,26274.349609375,26309.05078125,26242.55078125,26291.150390625,10228000.0
2024-08-31,26274.349609375,26309.05078125,26242.55078125,26291.150390625,10228000.0
2024-09-01,26274.349609375,26309.05078125,26242.55078125,26291.150390625,10228000.0
2024-09-02,26335.0,26383.5,26261.69921875,26383.44921875,5638600.0
2024-09-03,26341.69921875,26394.150390625,26309.0,26394.0,5431300.0
2024-09-04,26275.75,26291.0,26137.0,26143.0,5732100.0
2024-09-05,26239.099609375,26359.69921875,26222.0,26339.44921875,6010800.0
2024-09-06,25928.55078125,26254.849609375,25877.44921875,26195.400390625,7266500.0
2024-09-07,25928.55078125,26254.849609375,25877.44921875,26195.400390625,7266500.0
2024-09-08,25928.55078125,26254.849609375,25877.44921875,26195.400390625,7266500.0
2024-09-09,26011.25,26035.400390625,25786.30078125,25898.900390625,6089500.0
2024-09-10,26115.19921875,26214.75,25979.900390625,26086.5,6113100.0
2024-09-11,25987.80078125,26204.099609375,25950.05078125,26118.80078125,6634200.0
2024-09-12,26461.099609375,26497.5,26041.599609375,26145.900390625,7163700.0
2024-09-13,26419.900390625,26511.0,26387.099609375,26511.0,6001500.0
2024-09-14,26419.900390625,26511.0,26387.099609375,26511.0,6001500.0
2024-09-15,26419.900390625,26511.0,26387.099609375,26511.0,6001500.0
2024-09-16,26453.400390625,26522.0,26409.80078125,26486.80078125,4336200.0
2024-09-17,26471.30078125,26495.599609375,26408.05078125,26491.94921875,4848500.0
2024-09-18,26420.150390625,26525.849609375,26318.099609375,26461.900390625,5343500.0
2024-09-19,26425.25,26638.900390625,26332.75,26540.150390625,7189300.0
2024-09-20,26821.0,26879.0,26454.5,26532.44921875,10123000.0
2024-09-21,26821.0,26879.0,26454.5,26532.44921875,10123000.0
2024-09-22,26821.0,26879.0,26454.5,26532.44921875,10123000.0
2024-09-23,27024.099609375,27039.55078125,26898.19921875,26920.05078125,5640500.0
2024-09-24,27027.5,27087.900390625,26975.25,27013.599609375,7822100.0
2024-09-25,27051.650390625,27076.80078125,26921.94921875,26997.75,6010500.0
2024-09-26,27256.25,27284.900390625,27056.849609375,27068.30078125,7406100.0
2024-09-27,27253.849609375,27335.650390625,27228.25,27283.25,13164800.0
2024-09-28,27253.849609375,27335.650390625,27228.25,27283.25,13164800.0
2024-09-29,27253.849609375,27335.650390625,27228.25,27283.25,13164800.0
2024-09-30,26890.150390625,27203.0,26870.650390625,27147.349609375,7125900.0
2024-10-01,26885.25,26994.150390625,26828.5,26879.94921875,6214000.0
2024-10-02,26885.25,26994.150390625,26828.5,26879.94921875,6214000.0
2024-10-03,26305.25,26713.099609375,26267.849609375,26511.55078125,8920900.0
2024-10-04,26056.0,26520.80078125,26007.55078125,26238.5,8284900.0
2024-10-05,26056.0,26520.80078125,26007.55078125,26238.5,8284900.0
2024-10-06,26056.0,26520.80078125,26007.55078125,26238.5,8284900.0
2024-10-07,25749.650390625,26189.94921875,25644.400390625,26141.650390625,8840500.0
2024-10-08,26057.349609375,26091.349609375,25698.5,25772.0,7460500.0
2024-10-09,26076.599609375,26331.19921875,26042.599609375,26129.30078125,6690500.0
2024-10-10,26079.44921875,26241.150390625,26059.94921875,26168.0,5319400.0
2024-10-11,26054.099609375,26118.099609375,26002.19921875,26077.400390625,3947800.0
2024-10-12,26054.099609375,26118.099609375,26002.19921875,26077.400390625,3947800.0
2024-10-13,26054.099609375,26118.099609375,26002.19921875,26077.400390625,3947800.0
2024-10-14,26197.900390625,26222.599609375,26105.599609375,26117.55078125,4198400.0
2024-10-15,26149.099609375,26291.55078125,26091.599609375,26272.650390625,4879600.0
2024-10-16,26058.099609375,26188.69921875,25987.80078125,26106.75,4833700.0
2024-10-17,25765.349609375,26109.80078125,25752.5,26105.55078125,5284700.0
2024-10-18,25853.80078125,25888.849609375,25547.55078125,25671.400390625,6449700.0
2024-10-19,25853.80078125,25888.849609375,25547.55078125,25671.400390625,6449700.0
2024-10-20,25853.80078125,25888.849609375,25547.55078125,25671.400390625,6449700.0
2024-10-21,25739.5,25991.44921875,25673.05078125,25956.849609375,5200500.0
2024-10-22,25348.05078125,25828.150390625,25322.599609375,25760.150390625,6980700.0
2024-10-23,25320.650390625,25491.69921875,25240.650390625,25266.400390625,8448300.0
2024-10-24,25275.5,25376.849609375,25217.94921875,25315.05078125,5620900.0
2024-10-25,25022.19921875,25326.599609375,24897.19921875,25305.30078125,7678800.0
2024-10-26,25022.19921875,25326.599609375,24897.19921875,25305.30078125,7678800.0
2024-10-27,25022.19921875,25326.599609375,24897.19921875,25305.30078125,7678800.0
2024-10-28,25175.19921875,25321.650390625,24932.75,25086.94921875,7561200.0
2024-10-29,25321.30078125,25339.099609375,24952.05078125,25171.94921875,7660900.0
2024-10-30,25195.05078125,25364.55078125,25164.5,25227.19921875,6998600.0
2024-10-31,25059.5,25235.900390625,25020.05078125,25207.80078125,6783300.0
2024-11-01,25184.599609375,25250.900390625,25157.599609375,25171.0,1253900.0
2024-11-02,25184.599609375,25250.900390625,25157.599609375,25171.0,1253900.0
2024-11-03,25184.599609375,25250.900390625,25157.599609375,25171.0,1253900.0
2024-11-04,24857.75,25195.400390625,24668.75,25192.94921875,7428900.0
2024-11-05,25060.80078125,25080.5,24671.69921875,24783.599609375,6767200.0
2024-11-06,25403.150390625,25443.30078125,25078.30078125,25167.5,7603500.0
2024-11-07,25110.69921875,25429.400390625,25097.80078125,25419.599609375,6498200.0
2024-11-08,25002.94921875,25186.55078125,24954.099609375,25118.25,5817100.0
2024-11-09,25002.94921875,25186.55078125,24954.099609375,25118.25,5817100.0
2024-11-10,25002.94921875,25186.55078125,24954.099609375,25118.25,5817100.0
2024-11-11,25013.30078125,25210.25,24845.349609375,24942.80078125,5662600.0
2024-11-12,24715.55078125,25132.650390625,24667.0,25094.349609375,5464400.0
2024-11-13,24347.0,24716.849609375,24293.900390625,24650.650390625,6914200.0
2024-11-14,24366.05078125,24508.30078125,24305.80078125,24348.80078125,6102800.0
2024-11-15,24366.05078125,24508.30078125,24305.80078125,24348.80078125,6102800.0
2024-11-16,24366.05078125,24508.30078125,24305.80078125,24348.80078125,6102800.0
2024-11-17,24366.05078125,24508.30078125,24305.80078125,24348.80078125,6102800.0
2024-11-18,24301.0,24468.05078125,24195.349609375,24467.55078125,5753700.0
2024-11-19,24374.69921875,24640.150390625,24320.0,24386.150390625,6019600.0
2024-11-20,24374.69921875,24640.150390625,24320.0,24386.150390625,6019600.0
2024-11-21,24135.099609375,24306.94921875,24014.25,24293.849609375,9536500.0
2024-11-22,24655.349609375,24704.55078125,24127.650390625,24185.349609375,7459900.0
2024-11-23,24655.349609375,24704.55078125,24127.650390625,24185.349609375,7459900.0
2024-11-24,24655.349609375,24704.55078125,24127.650390625,24185.349609375,7459900.0
2024-11-25,24993.650390625,25153.55078125,24938.80078125,25041.44921875,13779700.0
2024-11-26,24983.099609375,25113.69921875,24925.099609375,25112.150390625,4984000.0
2024-11-27,25115.150390625,25187.5,24948.80078125,25004.44921875,6707300.0
2024-11-28,24836.25,25230.099609375,24791.599609375,25135.900390625,7901900.0
2024-11-29,25053.94921875,25120.30078125,24856.75,24857.650390625,7467300.0
2024-11-30,25053.94921875,25120.30078125,24856.75,24857.650390625,7467300.0
2024-12-01,25053.94921875,25120.30078125,24856.75,24857.650390625,7467300.0
2024-12-02,25198.150390625,25221.099609375,24953.25,25063.55078125,5015000.0
2024-12-03,25393.25,25410.099609375,25221.30078125,25284.5,6731800.0
2024-12-04,25428.400390625,25521.30078125,25308.900390625,25443.25,7397400.0
2024-12-05,25657.849609375,25784.400390625,25274.80078125,25508.900390625,7174300.0
2024-12-06,25663.900390625,25735.55078125,25593.849609375,25693.30078125,7642200.0
2024-12-07,25663.900390625,25735.55078125,25593.849609375,25693.30078125,7642200.0
2024-12-08,25663.900390625,25735.55078125,25593.849609375,25693.30078125,7642200.0
2024-12-09,25594.19921875,25687.650390625,25556.05078125,25622.75,6242700.0
2024-12-10,25600.19921875,25659.94921875,25494.599609375,25634.150390625,5504200.0
2024-12-11,25635.05078125,25681.55078125,25575.349609375,25603.25,5283800.0
2024-12-12,25546.400390625,25668.19921875,25530.900390625,25606.650390625,5754700.0
2024-12-13,25724.599609375,25745.75,25148.900390625,25493.849609375,6288600.0
2024-12-14,25724.599609375,25745.75,25148.900390625,25493.849609375,6288600.0
2024-12-15,25724.599609375,25745.75,25148.900390625,25493.849609375,6288600.0
2024-12-16,25652.849609375,25748.349609375,25584.5,25719.849609375,4097700.0
2024-12-17,25321.650390625,25624.25,25288.349609375,25579.0,5477700.0
2024-12-18,25137.599609375,25358.80078125,25087.349609375,25290.69921875,4830700.0
2024-12-19,24884.94921875,24934.099609375,24776.44921875,24783.69921875,5422500.0
2024-12-20,24448.849609375,25002.0,24400.25,24902.599609375,10274800.0
2024-12-21,24448.849609375,25002.0,24400.25,24902.599609375,10274800.0
2024-12-22,24448.849609375,25002.0,24400.25,24902.599609375,10274800.0
2024-12-23,24599.75,24735.75,24502.80078125,24597.30078125,4929900.0
2024-12-24,24572.5,24715.69921875,24534.900390625,24617.30078125,3877800.0
2024-12-25,24572.5,24715.69921875,24534.900390625,24617.30078125,3877800.0
2024-12-26,24611.349609375,24692.849609375,24509.0,24623.25,3700.0
2024-12-27,24632.0,24784.05078125,24618.099609375,24657.69921875,3286200.0
2024-12-28,24632.0,24784.05078125,24618.099609375,24657.69921875,3286200.0
2024-12-29,24632.0,24784.05078125,24618.099609375,24657.69921875,3286200.0
2024-12-30,24500.75,24732.099609375,24436.19921875,24623.099609375,11994100.0
2024-12-31,24495.55078125,24542.94921875,24300.75,24407.75,4577400.0
,24495.55078125,24542.94921875,24300.75,24407.75,4577400.0
