Scheme Code,Scheme Name,Net Asset Value,Date,Repurchase Price,Sale Price,AMC
119551.0,Axis Bluechip Fund — Growth,193.5247,01-Jan-2024,191.5895,193.5247,Demo AMC
120503.0,Mirae Asset Large Cap Fund — Growth,475.85,01-Jan-2024,471.0915,475.85,Demo AMC
122639.0,SBI Small Cap Fund — Growth,368.677,01-Jan-2024,364.9902,368.677,Demo AMC
125497.0,HDFC Mid-Cap Opportunities Fund — Growth,303.3427,01-Jan-2024,300.3093,303.3427,Demo AMC
118989.0,ICICI Prudential Technology Fund — Growth,86.4491,01-Jan-2024,85.5846,86.4491,Demo AMC
119551.0,Axis Bluechip Fund — Growth,86.4373,02-Jan-2024,85.5729,86.4373,Demo AMC
120503.0,Mirae Asset Large Cap Fund — Growth,38.461,02-Jan-2024,38.0764,38.461,Demo AMC
122639.0,SBI Small Cap Fund — Growth,434.4263,02-Jan-2024,430.082,434.4263,Demo AMC
125497.0,HDFC Mid-Cap Opportunities Fund — Growth,304.5464,02-Jan-2024,301.5009,304.5464,Demo AMC
118989.0,ICICI Prudential Technology Fund — Growth,356.9556,02-Jan-2024,353.386,356.9556,Demo AMC
119551.0,Axis Bluechip Fund — Growth,20.0864,03-Jan-2024,19.8855,20.0864,Demo AMC
120503.0,Mirae Asset Large Cap Fund — Growth,485.2558,03-Jan-2024,480.4032,485.2558,Demo AMC
122639.0,SBI Small Cap Fund — Growth,417.8969,03-Jan-2024,413.7179,417.8969,Demo AMC
125497.0,HDFC Mid-Cap Opportunities Fund — Growth,114.0462,03-Jan-2024,112.9057,114.0462,Demo AMC
118989.0,ICICI Prudential Technology Fund — Growth,99.0942,03-Jan-2024,98.1033,99.0942,Demo AMC
119551.0,Axis Bluechip Fund — Growth,99.8682,04-Jan-2024,98.8695,99.8682,Demo AMC
120503.0,Mirae Asset Large Cap Fund — Growth,159.0787,04-Jan-2024,157.4879,159.0787,Demo AMC
122639.0,SBI Small Cap Fund — Growth,267.1307,04-Jan-2024,264.4594,267.1307,Demo AMC
125497.0,HDFC Mid-Cap Opportunities Fund — Growth,221.6531,04-Jan-2024,219.4366,221.6531,Demo AMC
118989.0,ICICI Prudential Technology Fund — Growth,152.7023,04-Jan-2024,151.1753,152.7023,Demo AMC
119551.0,Axis Bluechip Fund — Growth,309.8079,05-Jan-2024,306.7098,309.8079,Demo AMC
120503.0,Mirae Asset Large Cap Fund — Growth,78.352,05-Jan-2024,77.5685,78.352,Demo AMC
122639.0,SBI Small Cap Fund — Growth,153.1509,05-Jan-2024,151.6194,153.1509,Demo AMC
125497.0,HDFC Mid-Cap Opportunities Fund — Growth,189.5173,05-Jan-2024,187.6221,189.5173,Demo AMC
118989.0,ICICI Prudential Technology Fund — Growth,233.4743,05-Jan-2024,231.1396,233.4743,Demo AMC
119551.0,Axis Bluechip Fund — Growth,394.7362,06-Jan-2024,390.7888,394.7362,Demo AMC
120503.0,Mirae Asset Large Cap Fund — Growth,107.8402,06-Jan-2024,106.7618,107.8402,Demo AMC
122639.0,SBI Small Cap Fund — Growth,261.9749,06-Jan-2024,259.3552,261.9749,Demo AMC
125497.0,HDFC Mid-Cap Opportunities Fund — Growth,300.2831,06-Jan-2024,297.2803,300.2831,Demo AMC
118989.0,ICICI Prudential Technology Fund — Growth,32.7607,06-Jan-2024,32.4331,32.7607,Demo AMC
119551.0,Axis Bluechip Fund — Growth,307.697,07-Jan-2024,304.62,307.697,Demo AMC
120503.0,Mirae Asset Large Cap Fund — Growth,93.5568,07-Jan-2024,92.6212,93.5568,Demo AMC
122639.0,SBI Small Cap Fund — Growth,41.8753,07-Jan-2024,41.4565,41.8753,Demo AMC
125497.0,HDFC Mid-Cap Opportunities Fund — Growth,474.9539,07-Jan-2024,470.2044,474.9539,Demo AMC
118989.0,ICICI Prudential Technology Fund — Growth,483.1597,07-Jan-2024,478.3281,483.1597,Demo AMC
119551.0,Axis Bluechip Fund — Growth,406.1147,08-Jan-2024,402.0536,406.1147,Demo AMC
120503.0,Mirae Asset Large Cap Fund — Growth,159.2607,08-Jan-2024,157.6681,159.2607,Demo AMC
122639.0,SBI Small Cap Fund — Growth,57.8593,08-Jan-2024,57.2807,57.8593,Demo AMC
125497.0,HDFC Mid-Cap Opportunities Fund — Growth,345.2742,08-Jan-2024,341.8215,345.2742,Demo AMC
118989.0,ICICI Prudential Technology Fund — Growth,225.6747,08-Jan-2024,223.418,225.6747,Demo AMC
119551.0,Axis Bluechip Fund — Growth,69.7987,09-Jan-2024,69.1007,69.7987,Demo AMC
120503.0,Mirae Asset Large Cap Fund — Growth,252.6367,09-Jan-2024,250.1103,252.6367,Demo AMC
122639.0,SBI Small Cap Fund — Growth,26.8504,09-Jan-2024,26.5819,26.8504,Demo AMC
125497.0,HDFC Mid-Cap Opportunities Fund — Growth,455.567,09-Jan-2024,451.0113,455.567,Demo AMC
118989.0,ICICI Prudential Technology Fund — Growth,136.8022,09-Jan-2024,135.4342,136.8022,Demo AMC
119551.0,Axis Bluechip Fund — Growth,334.6359,10-Jan-2024,331.2895,334.6359,Demo AMC
120503.0,Mirae Asset Large Cap Fund — Growth,162.7384,10-Jan-2024,161.111,162.7384,Demo AMC
122639.0,SBI Small Cap Fund — Growth,264.8333,10-Jan-2024,262.185,264.8333,Demo AMC
125497.0,HDFC Mid-Cap Opportunities Fund — Growth,277.888,10-Jan-2024,275.1091,277.888,Demo AMC
118989.0,ICICI Prudential Technology Fund — Growth,100.5787,10-Jan-2024,99.5729,100.5787,Demo AMC
119551.0,Axis Bluechip Fund — Growth,485.0965,11-Jan-2024,480.2455,485.0965,Demo AMC
120503.0,Mirae Asset Large Cap Fund — Growth,389.8151,11-Jan-2024,385.9169,389.8151,Demo AMC
122639.0,SBI Small Cap Fund — Growth,470.3545,11-Jan-2024,465.651,470.3545,Demo AMC
125497.0,HDFC Mid-Cap Opportunities Fund — Growth,448.4654,11-Jan-2024,443.9807,448.4654,Demo AMC
118989.0,ICICI Prudential Technology Fund — Growth,302.971,11-Jan-2024,299.9413,302.971,Demo AMC
119551.0,Axis Bluechip Fund — Growth,461.7184,12-Jan-2024,457.1012,461.7184,Demo AMC
120503.0,Mirae Asset Large Cap Fund — Growth,53.3613,12-Jan-2024,52.8277,53.3613,Demo AMC
122639.0,SBI Small Cap Fund — Growth,106.0316,12-Jan-2024,104.9713,106.0316,Demo AMC
125497.0,HDFC Mid-Cap Opportunities Fund — Growth,32.1614,12-Jan-2024,31.8398,32.1614,Demo AMC
118989.0,ICICI Prudential Technology Fund — Growth,169.4119,12-Jan-2024,167.7178,169.4119,Demo AMC
119551.0,Axis Bluechip Fund — Growth,200.4519,13-Jan-2024,198.4474,200.4519,Demo AMC
120503.0,Mirae Asset Large Cap Fund — Growth,142.961,13-Jan-2024,141.5314,142.961,Demo AMC
122639.0,SBI Small Cap Fund — Growth,416.0814,13-Jan-2024,411.9206,416.0814,Demo AMC
125497.0,HDFC Mid-Cap Opportunities Fund — Growth,184.8091,13-Jan-2024,182.961,184.8091,Demo AMC
118989.0,ICICI Prudential Technology Fund — Growth,147.6579,13-Jan-2024,146.1813,147.6579,Demo AMC
119551.0,Axis Bluechip Fund — Growth,275.9211,14-Jan-2024,273.1619,275.9211,Demo AMC
120503.0,Mirae Asset Large Cap Fund — Growth,79.0529,14-Jan-2024,78.2624,79.0529,Demo AMC
122639.0,SBI Small Cap Fund — Growth,403.0765,14-Jan-2024,399.0457,403.0765,Demo AMC
125497.0,HDFC Mid-Cap Opportunities Fund — Growth,46.5298,14-Jan-2024,46.0645,46.5298,Demo AMC
118989.0,ICICI Prudential Technology Fund — Growth,493.5746,14-Jan-2024,488.6389,493.5746,Demo AMC
119551.0,Axis Bluechip Fund — Growth,388.3999,15-Jan-2024,384.5159,388.3999,Demo AMC
120503.0,Mirae Asset Large Cap Fund — Growth,107.3707,15-Jan-2024,106.297,107.3707,Demo AMC
122639.0,SBI Small Cap Fund — Growth,12.7058,15-Jan-2024,12.5787,12.7058,Demo AMC
125497.0,HDFC Mid-Cap Opportunities Fund — Growth,409.5761,15-Jan-2024,405.4803,409.5761,Demo AMC
118989.0,ICICI Prudential Technology Fund — Growth,356.3601,15-Jan-2024,352.7965,356.3601,Demo AMC
119551.0,Axis Bluechip Fund — Growth,367.2135,16-Jan-2024,363.5414,367.2135,Demo AMC
120503.0,Mirae Asset Large Cap Fund — Growth,387.9225,16-Jan-2024,384.0433,387.9225,Demo AMC
122639.0,SBI Small Cap Fund — Growth,46.2819,16-Jan-2024,45.8191,46.2819,Demo AMC
125497.0,HDFC Mid-Cap Opportunities Fund — Growth,185.6482,16-Jan-2024,183.7917,185.6482,Demo AMC
118989.0,ICICI Prudential Technology Fund — Growth,66.7758,16-Jan-2024,66.108,66.7758,Demo AMC
119551.0,Axis Bluechip Fund — Growth,432.9207,17-Jan-2024,428.5915,432.9207,Demo AMC
120503.0,Mirae Asset Large Cap Fund — Growth,315.4161,17-Jan-2024,312.2619,315.4161,Demo AMC
122639.0,SBI Small Cap Fund — Growth,172.14,17-Jan-2024,170.4186,172.14,Demo AMC
125497.0,HDFC Mid-Cap Opportunities Fund — Growth,41.1436,17-Jan-2024,40.7322,41.1436,Demo AMC
118989.0,ICICI Prudential Technology Fund — Growth,162.3813,17-Jan-2024,160.7575,162.3813,Demo AMC
119551.0,Axis Bluechip Fund — Growth,169.3398,18-Jan-2024,167.6464,169.3398,Demo AMC
120503.0,Mirae Asset Large Cap Fund — Growth,367.507,18-Jan-2024,363.8319,367.507,Demo AMC
122639.0,SBI Small Cap Fund — Growth,322.4032,18-Jan-2024,319.1792,322.4032,Demo AMC
125497.0,HDFC Mid-Cap Opportunities Fund — Growth,444.7342,18-Jan-2024,440.2869,444.7342,Demo AMC
118989.0,ICICI Prudential Technology Fund — Growth,241.3853,18-Jan-2024,238.9714,241.3853,Demo AMC
119551.0,Axis Bluechip Fund — Growth,68.6012,19-Jan-2024,67.9152,68.6012,Demo AMC
120503.0,Mirae Asset Large Cap Fund — Growth,359.4899,19-Jan-2024,355.895,359.4899,Demo AMC
122639.0,SBI Small Cap Fund — Growth,382.7847,19-Jan-2024,378.9569,382.7847,Demo AMC
125497.0,HDFC Mid-Cap Opportunities Fund — Growth,285.0258,19-Jan-2024,282.1755,285.0258,Demo AMC
118989.0,ICICI Prudential Technology Fund — Growth,387.7739,19-Jan-2024,383.8962,387.7739,Demo AMC
119551.0,Axis Bluechip Fund — Growth,251.9598,20-Jan-2024,249.4402,251.9598,Demo AMC
120503.0,Mirae Asset Large Cap Fund — Growth,266.1391,20-Jan-2024,263.4777,266.1391,Demo AMC
122639.0,SBI Small Cap Fund — Growth,219.4951,20-Jan-2024,217.3001,219.4951,Demo AMC
125497.0,HDFC Mid-Cap Opportunities Fund — Growth,22.4554,20-Jan-2024,22.2308,22.4554,Demo AMC
118989.0,ICICI Prudential Technology Fund — Growth,62.8668,20-Jan-2024,62.2381,62.8668,Demo AMC
119551.0,Axis Bluechip Fund — Growth,25.4003,21-Jan-2024,25.1463,25.4003,Demo AMC
120503.0,Mirae Asset Large Cap Fund — Growth,321.8411,21-Jan-2024,318.6227,321.8411,Demo AMC
122639.0,SBI Small Cap Fund — Growth,164.0344,21-Jan-2024,162.3941,164.0344,Demo AMC
125497.0,HDFC Mid-Cap Opportunities Fund — Growth,259.1996,21-Jan-2024,256.6076,259.1996,Demo AMC
118989.0,ICICI Prudential Technology Fund — Growth,454.7076,21-Jan-2024,450.1605,454.7076,Demo AMC
119551.0,Axis Bluechip Fund — Growth,132.1532,22-Jan-2024,130.8317,132.1532,Demo AMC
120503.0,Mirae Asset Large Cap Fund — Growth,211.0876,22-Jan-2024,208.9767,211.0876,Demo AMC
122639.0,SBI Small Cap Fund — Growth,380.2201,22-Jan-2024,376.4179,380.2201,Demo AMC
125497.0,HDFC Mid-Cap Opportunities Fund — Growth,122.1111,22-Jan-2024,120.89,122.1111,Demo AMC
118989.0,ICICI Prudential Technology Fund — Growth,47.7202,22-Jan-2024,47.243,47.7202,Demo AMC
119551.0,Axis Bluechip Fund — Growth,151.9782,23-Jan-2024,150.4584,151.9782,Demo AMC
120503.0,Mirae Asset Large Cap Fund — Growth,88.9984,23-Jan-2024,88.1084,88.9984,Demo AMC
122639.0,SBI Small Cap Fund — Growth,465.5518,23-Jan-2024,460.8963,465.5518,Demo AMC
125497.0,HDFC Mid-Cap Opportunities Fund — Growth,405.979,23-Jan-2024,401.9192,405.979,Demo AMC
118989.0,ICICI Prudential Technology Fund — Growth,320.3678,23-Jan-2024,317.1641,320.3678,Demo AMC
119551.0,Axis Bluechip Fund — Growth,437.0157,24-Jan-2024,432.6455,437.0157,Demo AMC
120503.0,Mirae Asset Large Cap Fund — Growth,403.7993,24-Jan-2024,399.7613,403.7993,Demo AMC
122639.0,SBI Small Cap Fund — Growth,101.4193,24-Jan-2024,100.4051,101.4193,Demo AMC
125497.0,HDFC Mid-Cap Opportunities Fund — Growth,447.3539,24-Jan-2024,442.8804,447.3539,Demo AMC
118989.0,ICICI Prudential Technology Fund — Growth,274.2777,24-Jan-2024,271.5349,274.2777,Demo AMC
119551.0,Axis Bluechip Fund — Growth,405.6457,25-Jan-2024,401.5892,405.6457,Demo AMC
120503.0,Mirae Asset Large Cap Fund — Growth,449.0847,25-Jan-2024,444.5939,449.0847,Demo AMC
122639.0,SBI Small Cap Fund — Growth,165.8217,25-Jan-2024,164.1635,165.8217,Demo AMC
125497.0,HDFC Mid-Cap Opportunities Fund — Growth,63.9254,25-Jan-2024,63.2861,63.9254,Demo AMC
118989.0,ICICI Prudential Technology Fund — Growth,121.6882,25-Jan-2024,120.4713,121.6882,Demo AMC
119551.0,Axis Bluechip Fund — Growth,219.2828,26-Jan-2024,217.09,219.2828,Demo AMC
120503.0,Mirae Asset Large Cap Fund — Growth,410.8272,26-Jan-2024,406.7189,410.8272,Demo AMC
122639.0,SBI Small Cap Fund — Growth,431.758,26-Jan-2024,427.4404,431.758,Demo AMC
125497.0,HDFC Mid-Cap Opportunities Fund — Growth,13.4065,26-Jan-2024,13.2724,13.4065,Demo AMC
118989.0,ICICI Prudential Technology Fund — Growth,260.2662,26-Jan-2024,257.6635,260.2662,Demo AMC
119551.0,Axis Bluechip Fund — Growth,214.5314,27-Jan-2024,212.3861,214.5314,Demo AMC
120503.0,Mirae Asset Large Cap Fund — Growth,118.8328,27-Jan-2024,117.6445,118.8328,Demo AMC
122639.0,SBI Small Cap Fund — Growth,68.734,27-Jan-2024,68.0467,68.734,Demo AMC
125497.0,HDFC Mid-Cap Opportunities Fund — Growth,175.4314,27-Jan-2024,173.6771,175.4314,Demo AMC
118989.0,ICICI Prudential Technology Fund — Growth,472.0258,27-Jan-2024,467.3055,472.0258,Demo AMC
119551.0,Axis Bluechip Fund — Growth,168.3694,28-Jan-2024,166.6857,168.3694,Demo AMC
120503.0,Mirae Asset Large Cap Fund — Growth,264.2074,28-Jan-2024,261.5653,264.2074,Demo AMC
122639.0,SBI Small Cap Fund — Growth,354.4793,28-Jan-2024,350.9345,354.4793,Demo AMC
125497.0,HDFC Mid-Cap Opportunities Fund — Growth,188.1785,28-Jan-2024,186.2967,188.1785,Demo AMC
118989.0,ICICI Prudential Technology Fund — Growth,486.1732,28-Jan-2024,481.3115,486.1732,Demo AMC
119551.0,Axis Bluechip Fund — Growth,481.5992,29-Jan-2024,476.7832,481.5992,Demo AMC
120503.0,Mirae Asset Large Cap Fund — Growth,133.3733,29-Jan-2024,132.0396,133.3733,Demo AMC
122639.0,SBI Small Cap Fund — Growth,253.6518,29-Jan-2024,251.1153,253.6518,Demo AMC
125497.0,HDFC Mid-Cap Opportunities Fund — Growth,157.4304,29-Jan-2024,155.8561,157.4304,Demo AMC
118989.0,ICICI Prudential Technology Fund — Growth,149.5718,29-Jan-2024,148.0761,149.5718,Demo AMC
119551.0,Axis Bluechip Fund — Growth,28.0746,30-Jan-2024,27.7939,28.0746,Demo AMC
120503.0,Mirae Asset Large Cap Fund — Growth,308.6865,30-Jan-2024,305.5996,308.6865,Demo AMC
122639.0,SBI Small Cap Fund — Growth,256.3127,30-Jan-2024,253.7496,256.3127,Demo AMC
125497.0,HDFC Mid-Cap Opportunities Fund — Growth,35.2246,30-Jan-2024,34.8724,35.2246,Demo AMC
118989.0,ICICI Prudential Technology Fund — Growth,146.5368,30-Jan-2024,145.0714,146.5368,Demo AMC
119551.0,Axis Bluechip Fund — Growth,455.0503,31-Jan-2024,450.4998,455.0503,Demo AMC
120503.0,Mirae Asset Large Cap Fund — Growth,127.3853,31-Jan-2024,126.1114,127.3853,Demo AMC
122639.0,SBI Small Cap Fund — Growth,80.9985,31-Jan-2024,80.1885,80.9985,Demo AMC
125497.0,HDFC Mid-Cap Opportunities Fund — Growth,249.8319,31-Jan-2024,247.3336,249.8319,Demo AMC
118989.0,ICICI Prudential Technology Fund — Growth,492.9687,31-Jan-2024,488.039,492.9687,Demo AMC
119551.0,Axis Bluechip Fund — Growth,128.6071,01-Feb-2024,127.321,128.6071,Demo AMC
120503.0,Mirae Asset Large Cap Fund — Growth,339.3464,01-Feb-2024,335.9529,339.3464,Demo AMC
122639.0,SBI Small Cap Fund — Growth,383.1936,01-Feb-2024,379.3617,383.1936,Demo AMC
125497.0,HDFC Mid-Cap Opportunities Fund — Growth,126.4424,01-Feb-2024,125.178,126.4424,Demo AMC
118989.0,ICICI Prudential Technology Fund — Growth,366.826,01-Feb-2024,363.1577,366.826,Demo AMC
119551.0,Axis Bluechip Fund — Growth,190.2137,02-Feb-2024,188.3116,190.2137,Demo AMC
120503.0,Mirae Asset Large Cap Fund — Growth,319.8299,02-Feb-2024,316.6316,319.8299,Demo AMC
122639.0,SBI Small Cap Fund — Growth,320.4296,02-Feb-2024,317.2253,320.4296,Demo AMC
125497.0,HDFC Mid-Cap Opportunities Fund — Growth,272.5296,02-Feb-2024,269.8043,272.5296,Demo AMC
118989.0,ICICI Prudential Technology Fund — Growth,54.242,02-Feb-2024,53.6996,54.242,Demo AMC
119551.0,Axis Bluechip Fund — Growth,419.2982,03-Feb-2024,415.1052,419.2982,Demo AMC
120503.0,Mirae Asset Large Cap Fund — Growth,167.1822,03-Feb-2024,165.5104,167.1822,Demo AMC
122639.0,SBI Small Cap Fund — Growth,101.3941,03-Feb-2024,100.3802,101.3941,Demo AMC
125497.0,HDFC Mid-Cap Opportunities Fund — Growth,29.9798,03-Feb-2024,29.68,29.9798,Demo AMC
118989.0,ICICI Prudential Technology Fund — Growth,299.5375,03-Feb-2024,296.5421,299.5375,Demo AMC
119551.0,Axis Bluechip Fund — Growth,342.0065,04-Feb-2024,338.5864,342.0065,Demo AMC
120503.0,Mirae Asset Large Cap Fund — Growth,18.128,04-Feb-2024,17.9467,18.128,Demo AMC
122639.0,SBI Small Cap Fund — Growth,260.9256,04-Feb-2024,258.3163,260.9256,Demo AMC
125497.0,HDFC Mid-Cap Opportunities Fund — Growth,120.9829,04-Feb-2024,119.7731,120.9829,Demo AMC
118989.0,ICICI Prudential Technology Fund — Growth,326.1347,04-Feb-2024,322.8734,326.1347,Demo AMC
119551.0,Axis Bluechip Fund — Growth,95.4396,05-Feb-2024,94.4852,95.4396,Demo AMC
120503.0,Mirae Asset Large Cap Fund — Growth,348.5595,05-Feb-2024,345.0739,348.5595,Demo AMC
122639.0,SBI Small Cap Fund — Growth,199.5003,05-Feb-2024,197.5053,199.5003,Demo AMC
125497.0,HDFC Mid-Cap Opportunities Fund — Growth,468.9977,05-Feb-2024,464.3077,468.9977,Demo AMC
118989.0,ICICI Prudential Technology Fund — Growth,77.3853,05-Feb-2024,76.6114,77.3853,Demo AMC
119551.0,Axis Bluechip Fund — Growth,177.1225,06-Feb-2024,175.3513,177.1225,Demo AMC
120503.0,Mirae Asset Large Cap Fund — Growth,65.602,06-Feb-2024,64.946,65.602,Demo AMC
122639.0,SBI Small Cap Fund — Growth,463.0999,06-Feb-2024,458.4689,463.0999,Demo AMC
125497.0,HDFC Mid-Cap Opportunities Fund — Growth,439.8963,06-Feb-2024,435.4973,439.8963,Demo AMC
118989.0,ICICI Prudential Technology Fund — Growth,136.3914,06-Feb-2024,135.0275,136.3914,Demo AMC
119551.0,Axis Bluechip Fund — Growth,333.3922,07-Feb-2024,330.0583,333.3922,Demo AMC
120503.0,Mirae Asset Large Cap Fund — Growth,410.4389,07-Feb-2024,406.3345,410.4389,Demo AMC
122639.0,SBI Small Cap Fund — Growth,282.0484,07-Feb-2024,279.2279,282.0484,Demo AMC
125497.0,HDFC Mid-Cap Opportunities Fund — Growth,269.5288,07-Feb-2024,266.8335,269.5288,Demo AMC
118989.0,ICICI Prudential Technology Fund — Growth,128.5076,07-Feb-2024,127.2225,128.5076,Demo AMC
119551.0,Axis Bluechip Fund — Growth,55.6204,08-Feb-2024,55.0642,55.6204,Demo AMC
120503.0,Mirae Asset Large Cap Fund — Growth,449.6357,08-Feb-2024,445.1393,449.6357,Demo AMC
122639.0,SBI Small Cap Fund — Growth,451.2048,08-Feb-2024,446.6928,451.2048,Demo AMC
125497.0,HDFC Mid-Cap Opportunities Fund — Growth,320.2197,08-Feb-2024,317.0175,320.2197,Demo AMC
118989.0,ICICI Prudential Technology Fund — Growth,176.1246,08-Feb-2024,174.3634,176.1246,Demo AMC
119551.0,Axis Bluechip Fund — Growth,181.1127,09-Feb-2024,179.3016,181.1127,Demo AMC
120503.0,Mirae Asset Large Cap Fund — Growth,365.7183,09-Feb-2024,362.0611,365.7183,Demo AMC
122639.0,SBI Small Cap Fund — Growth,449.584,09-Feb-2024,445.0882,449.584,Demo AMC
125497.0,HDFC Mid-Cap Opportunities Fund — Growth,444.6723,09-Feb-2024,440.2256,444.6723,Demo AMC
118989.0,ICICI Prudential Technology Fund — Growth,392.139,09-Feb-2024,388.2176,392.139,Demo AMC
-1.0,BAD_CODE,100.0,01-Jan-2024,99.0,100.0,Demo
,NULL_CODE,,BAD_DATE,,,Demo
